Date,SPX,META,AMZN,AAPL,NFLX,GOOG
2019-01-02,2510.030029,135.679993,76.956497,39.480000,267.660004,52.292500
2019-01-03,2447.889893,131.740005,75.014000,35.547501,271.200012,50.803001
2019-01-04,2531.939941,137.949997,78.769501,37.064999,297.570007,53.535500
2019-01-07,2549.689941,138.050003,81.475502,36.982498,315.339996,53.419498
2019-01-08,2574.409912,142.529999,82.829002,37.687500,320.269989,53.813999
2019-01-09,2584.959961,144.229996,82.971001,38.327499,319.959991,53.733002
2019-01-10,2596.639893,144.199997,82.810997,38.450001,324.660004,53.516499
2019-01-11,2596.260010,143.800003,82.028000,38.072498,337.589996,52.859501
2019-01-14,2582.610107,145.389999,80.860497,37.500000,332.940002,52.234501
2019-01-15,2610.300049,148.949997,83.727997,38.267502,354.640015,53.857498
2019-01-16,2616.100098,147.539993,84.189003,38.735001,351.390015,54.048500
2019-01-17,2635.959961,148.300003,84.661003,38.965000,353.190002,54.494999
2019-01-18,2670.709961,150.039993,84.809998,39.205002,339.100006,54.912998
2019-01-22,2632.899902,147.570007,81.608498,38.325001,325.160004,53.526001
2019-01-23,2638.699951,144.300003,82.000999,38.480000,321.989990,53.778500
2019-01-24,2642.330078,145.830002,82.746498,38.174999,326.670013,53.695000
2019-01-25,2664.760010,149.009995,83.528503,39.439999,338.049988,54.549500
2019-01-28,2643.850098,147.470001,81.894501,39.075001,335.660004,53.504002
2019-01-29,2640.000000,144.190002,79.694000,38.669998,328.899994,53.030998
2019-01-30,2681.050049,150.419998,83.521500,41.312500,340.660004,54.452999
2019-01-31,2704.100098,166.690002,85.936501,41.610001,339.500000,55.818501
2019-02-01,2706.530029,165.710007,81.311501,41.630001,339.850006,55.537498
2019-02-04,2724.870117,169.250000,81.665497,42.812500,351.339996,56.639999
2019-02-05,2737.699951,171.160004,82.940498,43.544998,355.809998,57.299500
2019-02-06,2731.610107,170.490005,82.013000,43.560001,352.190002,55.761501
2019-02-07,2706.050049,166.380005,80.718498,42.735001,344.709991,54.935501
2019-02-08,2707.879883,167.330002,79.411003,42.602501,347.570007,54.752998
2019-02-11,2709.800049,165.789993,79.550003,42.357498,345.730011,54.750500
2019-02-12,2744.729980,165.039993,81.900497,42.722500,359.970001,56.068501
2019-02-13,2753.030029,164.070007,82.000000,42.544998,351.769989,56.007999
2019-02-14,2745.729980,163.949997,81.132500,42.700001,359.070007,56.083500
2019-02-15,2775.600098,162.500000,80.397499,42.605000,356.869995,55.682499
2019-02-19,2779.760010,162.289993,81.378998,42.732498,361.920013,55.928001
2019-02-20,2784.699951,162.559998,81.105003,43.007500,359.910004,55.689999
2019-02-21,2774.879883,160.039993,80.972000,42.764999,356.970001,54.848499
2019-02-22,2792.669922,161.889999,81.578003,43.242500,363.019989,55.518501
2019-02-25,2796.110107,164.619995,81.650002,43.557499,363.910004,55.470001
2019-02-26,2793.899902,164.130005,81.820000,43.582500,364.970001,55.756500
2019-02-27,2792.379883,162.809998,82.054497,43.717499,362.869995,55.802502
2019-02-28,2784.489990,161.449997,81.991501,43.287498,358.100006,55.995998
2019-03-01,2803.689941,162.279999,83.586502,43.742500,357.320007,57.049500
2019-03-04,2792.810059,167.369995,84.808502,43.962502,351.040009,57.389999
2019-03-05,2789.649902,171.259995,84.621498,43.882500,354.299988,58.101501
2019-03-06,2771.449951,172.509995,83.447502,43.630001,359.609985,57.893002
2019-03-07,2748.929932,169.130005,81.297501,43.125000,352.600006,57.165001
2019-03-08,2743.070068,169.600006,81.040001,43.227501,349.600006,57.116001
2019-03-11,2783.300049,172.070007,83.530998,44.724998,358.859985,58.787998
2019-03-12,2791.520020,171.919998,83.654999,45.227501,356.269989,59.660000
2019-03-13,2810.919922,173.369995,84.540497,45.427502,361.209991,59.666000
2019-03-14,2808.479980,170.169998,84.310997,45.932499,358.820007,59.277500
2019-03-15,2822.479980,165.979996,85.617996,46.529999,361.459991,59.223000
2019-03-18,2832.939941,160.470001,87.107498,47.005001,363.440002,59.213001
2019-03-19,2832.570068,161.570007,88.092499,46.632500,358.779999,59.942501
2019-03-20,2824.229980,165.440002,89.863503,47.040001,375.220001,61.198502
2019-03-21,2854.879883,166.080002,90.962997,48.772499,377.869995,61.577000
2019-03-22,2800.709961,164.339996,88.238503,47.762501,361.010010,60.275002
2019-03-25,2798.360107,166.289993,88.712997,47.185001,366.230011,59.650002
2019-03-26,2818.459961,167.679993,89.188004,46.697498,359.970001,59.230999
2019-03-27,2805.370117,165.869995,88.285004,47.117500,353.369995,58.651001
2019-03-28,2815.439941,165.550003,88.670998,47.180000,354.609985,58.424500
2019-03-29,2834.399902,166.690002,89.037498,47.487499,356.559998,58.665501
2019-04-01,2867.189941,168.699997,90.709503,47.810001,366.959991,59.721500
2019-04-02,2867.239990,174.199997,90.698997,48.505001,367.720001,60.024502
2019-04-03,2873.399902,173.539993,91.035004,48.837502,369.750000,60.296001
2019-04-04,2879.389893,176.020004,90.943001,48.922501,367.880005,60.750000
2019-04-05,2892.739990,175.720001,91.863998,49.250000,365.489990,60.357498
2019-04-08,2895.770020,174.929993,92.492996,50.025002,361.410004,60.192001
2019-04-09,2878.199951,177.580002,91.792000,49.875000,364.709991,59.862499
2019-04-10,2888.209961,177.820007,92.366501,50.154999,363.920013,60.108002
2019-04-11,2888.320068,177.509995,92.203499,49.737499,367.649994,60.230999
2019-04-12,2907.409912,179.100006,92.153000,49.717499,351.140015,60.893501
2019-04-15,2905.580078,179.649994,92.243500,49.807499,348.869995,61.055000
2019-04-16,2907.060059,178.869995,93.152000,49.812500,359.459991,61.356499
2019-04-17,2900.449951,178.779999,93.240997,50.782501,354.739990,61.817001
2019-04-18,2905.030029,178.279999,93.084503,50.965000,360.350006,61.818501
2019-04-22,2907.969971,181.440002,94.365501,51.132500,377.339996,62.442001
2019-04-23,2933.679932,183.779999,96.188499,51.869999,381.890015,63.227501
2019-04-24,2927.250000,182.580002,95.087502,51.790001,374.230011,62.799999
2019-04-25,2926.169922,193.259995,95.112503,51.320000,368.329987,63.172501
2019-04-26,2939.879883,191.490005,97.531502,51.075001,374.850006,63.609001
2019-04-29,2943.030029,194.779999,96.921501,51.152500,371.829987,64.378998
2019-04-30,2945.830078,193.399994,96.325996,50.167500,370.540009,59.424000
2019-05-01,2923.729980,193.029999,95.575996,52.630001,378.809998,58.403999
2019-05-02,2917.520020,192.529999,95.041000,52.287498,379.059998,58.130501
2019-05-03,2945.639893,195.470001,98.123001,52.937500,385.029999,59.270000
2019-05-06,2932.469971,193.880005,97.527496,52.119999,378.670013,59.469501
2019-05-07,2884.050049,189.770004,96.050003,50.715000,370.459991,58.705002
2019-05-08,2879.419922,189.539993,95.888496,50.724998,364.369995,58.313499
2019-05-09,2870.719971,188.649994,94.993500,50.180000,362.750000,58.118999
2019-05-10,2881.399902,188.339996,94.499001,49.294998,361.040009,58.213501
2019-05-13,2811.870117,181.539993,91.134003,46.430000,345.260010,56.601501
2019-05-14,2834.409912,180.729996,92.005997,47.165001,345.609985,56.021999
2019-05-15,2850.959961,186.270004,93.557503,47.730000,354.989990,58.210499
2019-05-16,2876.320068,186.990005,95.378502,47.520000,359.309998,58.949001
2019-05-17,2859.530029,185.300003,93.449997,47.250000,354.450012,58.115002
2019-05-20,2840.229980,182.720001,92.948502,45.772499,348.109985,56.942501
2019-05-21,2864.360107,184.820007,92.875999,46.650002,354.269989,57.481499
2019-05-22,2856.270020,185.320007,92.984001,45.695000,359.730011,57.570999
2019-05-23,2822.239990,180.869995,90.774002,44.915001,352.209991,57.038502
2019-05-24,2826.060059,181.059998,91.164001,44.742500,354.390015,56.673500
2019-05-28,2802.389893,184.309998,91.821503,44.557499,355.059998,56.707500
2019-05-29,2783.020020,182.190002,90.959503,44.345001,349.190002,55.823002
2019-05-30,2788.860107,183.009995,90.816002,44.575001,351.850006,55.897499
2019-05-31,2752.060059,177.470001,88.753502,43.767502,343.279999,55.181499
2019-06-03,2744.449951,164.149994,84.634499,43.325001,336.630005,51.811501
2019-06-04,2803.270020,167.500000,86.477997,44.910000,353.399994,52.652500
2019-06-05,2826.149902,168.169998,86.925003,45.634998,355.730011,52.111000
2019-06-06,2843.489990,168.330002,87.718002,46.305000,357.130005,52.216999
2019-06-07,2873.340088,173.350006,90.201500,47.537498,360.869995,53.301998
2019-06-10,2886.729980,174.820007,93.031502,48.145000,352.010010,54.019001
2019-06-11,2885.719971,178.100006,93.184998,48.702499,351.269989,53.936001
2019-06-12,2879.840088,175.039993,92.765999,48.547501,345.559998,53.851501
2019-06-13,2891.639893,177.470001,93.514999,48.537498,343.429993,54.438499
2019-06-14,2886.979980,181.330002,93.483498,48.185001,339.730011,54.267502
2019-06-17,2889.669922,189.009995,94.301498,48.472500,350.619995,54.625000
2019-06-18,2917.750000,188.470001,95.068497,49.612499,357.119995,55.180000
2019-06-19,2926.459961,187.479996,95.439499,49.467499,363.519989,55.116501
2019-06-20,2954.179932,189.529999,95.909500,49.865002,365.209991,55.570999
2019-06-21,2950.459961,191.139999,95.565002,49.695000,369.209991,56.094002
2019-06-24,2945.350098,192.600006,95.695000,49.645000,371.040009,55.776001
2019-06-25,2917.379883,188.839996,93.913498,48.892502,360.299988,54.317501
2019-06-26,2913.780029,187.660004,94.891502,49.950001,362.200012,53.990002
2019-06-27,2924.919922,189.500000,95.213997,49.935001,370.019989,53.800499
2019-06-28,2941.760010,193.000000,94.681503,49.480000,367.320007,54.045502
2019-07-01,2964.330078,193.000000,96.109497,50.387501,374.600006,54.897499
2019-07-02,2973.010010,195.000000,96.715500,50.682499,375.429993,55.562500
2019-07-03,2995.820068,197.199997,96.949997,51.102501,381.720001,56.078999
2019-07-05,2990.409912,196.399994,97.145500,51.057499,380.549988,56.579498
2019-07-08,2975.949951,195.759995,97.615997,50.005001,376.160004,55.817501
2019-07-09,2979.629883,199.210007,99.415001,50.310001,379.929993,56.241501
2019-07-10,2993.070068,202.729996,100.870499,50.807499,381.000000,57.023998
2019-07-11,2999.909912,201.229996,100.053497,50.437500,379.500000,57.210499
2019-07-12,3013.770020,204.869995,100.550003,50.825001,373.250000,57.244999
2019-07-15,3014.300049,203.910004,101.049500,51.302502,366.600006,57.516998
2019-07-16,3004.040039,203.839996,100.495003,51.125000,365.989990,57.679001
2019-07-17,2984.419922,201.800003,99.601501,50.837502,362.440002,57.317501
2019-07-18,2995.110107,200.779999,98.894997,51.415001,325.209991,57.316502
2019-07-19,2976.610107,198.360001,98.225998,50.647499,315.100006,56.505001
2019-07-22,2985.030029,202.320007,99.281502,51.805000,310.619995,56.903500
2019-07-23,3005.469971,202.360001,99.724503,52.209999,307.299988,57.310501
2019-07-24,3019.560059,204.660004,100.040497,52.167500,317.940002,56.890499
2019-07-25,3003.669922,200.710007,98.691002,51.755001,326.459991,56.605999
2019-07-26,3025.860107,199.750000,97.152496,51.935001,335.779999,62.520500
2019-07-29,3020.969971,195.940002,95.622498,52.419998,332.700012,61.970501
2019-07-30,3013.179932,197.039993,94.926498,52.195000,325.929993,61.257000
2019-07-31,2980.379883,194.229996,93.338997,53.259998,322.989990,60.834000
2019-08-01,2953.560059,192.729996,92.765999,52.107498,319.500000,60.450500
2019-08-02,2932.050049,189.020004,91.162003,51.005001,318.829987,59.699501
2019-08-05,2844.739990,181.729996,88.256500,48.334999,307.630005,57.616001
2019-08-06,2881.770020,184.509995,89.391502,49.250000,310.100006,58.497501
2019-08-07,2883.979980,185.149994,89.669998,49.759998,304.290009,58.699501
2019-08-08,2938.090088,190.160004,91.644501,50.857498,315.899994,60.240002
2019-08-09,2918.649902,187.850006,90.378998,50.247501,308.929993,59.400501
2019-08-12,2882.699951,185.369995,89.246002,50.119999,310.829987,58.735500
2019-08-13,2926.320068,188.449997,91.217003,52.242500,312.279999,59.863499
2019-08-14,2840.600098,179.710007,88.148003,50.687500,299.109985,58.214500
2019-08-15,2847.600098,182.589996,88.806000,50.435001,295.760010,58.362999
2019-08-16,2888.679932,183.699997,89.628502,51.625000,302.799988,58.880001
2019-08-19,2923.649902,186.169998,90.806000,52.587502,309.380005,59.922501
2019-08-20,2900.510010,183.809998,90.069000,52.590000,298.989990,59.134499
2019-08-21,2924.429932,183.550003,91.177002,53.160000,297.809998,59.562500
2019-08-22,2922.949951,182.039993,90.233002,53.115002,296.929993,59.476501
2019-08-23,2847.110107,177.750000,87.481003,50.660000,291.440002,57.564499
2019-08-26,2878.379883,180.360001,88.443497,51.622501,294.980011,58.444500
2019-08-27,2869.159912,181.300003,88.091499,51.040001,291.029999,58.391998
2019-08-28,2887.939941,181.759995,88.212502,51.382500,291.769989,58.550999
2019-08-29,2924.580078,185.570007,89.320000,52.252499,296.779999,59.642502
2019-08-30,2926.459961,185.669998,88.814499,52.185001,293.750000,59.404999
2019-09-03,2906.270020,182.389999,89.491997,51.424999,289.290009,58.419498
2019-09-04,2937.780029,187.139999,90.030998,52.297501,291.519989,59.070499
2019-09-05,2976.000000,190.899994,92.036003,53.320000,293.250000,60.569000
2019-09-06,2978.709961,187.490005,91.675499,53.314999,290.170013,60.246498
2019-09-09,2978.429932,188.759995,91.567497,53.542500,294.339996,60.220501
2019-09-10,2979.389893,186.169998,91.027496,54.174999,287.989990,60.299999
2019-09-11,3000.929932,188.490005,91.149498,55.897499,288.269989,61.008499
2019-09-12,3009.570068,187.470001,92.177498,55.772499,288.859985,61.712502
2019-09-13,3007.389893,187.190002,91.967003,54.687500,294.149994,61.978001
2019-09-16,2997.959961,186.220001,90.391998,54.974998,294.290009,61.564999
2019-09-17,3005.699951,188.080002,91.127502,55.174999,298.600006,61.457500
2019-09-18,3006.729980,188.139999,90.873001,55.692501,291.559998,61.620499
2019-09-19,3006.790039,190.139999,91.074997,55.240002,286.600006,61.935501
2019-09-20,2992.070068,189.929993,89.708000,54.432499,270.750000,61.496498
2019-09-23,2991.780029,186.820007,89.264999,54.680000,265.920013,61.701500
2019-09-24,2966.600098,181.279999,87.080498,54.419998,254.589996,60.938000
2019-09-25,2984.870117,182.800003,88.416496,55.257500,264.750000,62.326000
2019-09-26,2977.620117,180.110001,86.991997,54.972500,263.309998,62.069500
2019-09-27,2961.790039,177.100006,86.272499,54.705002,263.079987,61.254501
2019-09-30,2976.739990,178.080002,86.795502,55.992500,267.619995,60.950001
2019-10-01,2940.250000,175.809998,86.782501,56.147499,269.579987,60.255001
2019-10-02,2887.610107,174.600006,85.661499,54.740002,268.029999,58.831501
2019-10-03,2910.629883,179.380005,86.221001,55.205002,268.149994,59.391499
2019-10-04,2952.010010,180.449997,86.982498,56.752499,272.790009,60.450001
2019-10-07,2938.790039,179.679993,86.633003,56.764999,274.459991,60.383999
2019-10-08,2893.060059,177.750000,85.275497,56.099998,270.720001,59.456501
2019-10-09,2919.399902,179.850006,86.099503,56.757500,267.529999,60.115501
2019-10-10,2938.129883,180.029999,86.013000,57.522499,280.480011,60.433498
2019-10-11,2970.270020,184.190002,86.596001,59.052502,282.929993,60.772499
2019-10-14,2966.149902,183.279999,86.821503,58.967499,285.529999,60.856998
2019-10-15,2995.679932,188.889999,88.369003,58.830002,284.250000,62.150501
2019-10-16,2989.689941,189.550003,88.871498,58.592499,286.279999,62.181999
2019-10-17,2997.949951,190.389999,89.374001,58.820000,293.350006,62.653500
2019-10-18,2986.199951,185.850006,87.875504,59.102501,275.299988,62.274502
2019-10-21,3006.719971,189.759995,89.282997,60.127499,278.049988,62.307499
2019-10-22,2995.989990,182.339996,88.286499,59.990002,266.690002,62.139999
2019-10-23,3004.520020,186.149994,88.108498,60.794998,271.269989,62.956501
2019-10-24,3010.290039,186.380005,89.039001,60.895000,271.500000,63.049500
2019-10-25,3022.550049,187.889999,88.066498,61.645000,276.820007,63.256500
2019-10-28,3039.419922,189.399994,88.853996,62.262501,281.859985,64.500000
2019-10-29,3036.889893,189.309998,88.135498,60.822498,281.209991,63.131001
2019-10-30,3046.770020,188.250000,88.999496,60.814999,291.450012,63.064499
2019-10-31,3037.560059,191.649994,88.833000,62.189999,287.410004,63.005501
2019-11-01,3066.909912,193.619995,89.571999,63.955002,286.809998,63.687000
2019-11-04,3078.270020,194.720001,90.233002,64.375000,292.859985,64.568497
2019-11-05,3074.620117,194.320007,90.085503,64.282501,288.029999,64.601501
2019-11-06,3076.780029,191.550003,89.788498,64.309998,288.589996,64.589996
2019-11-07,3085.179932,190.419998,89.410004,64.857498,289.570007,65.443001
2019-11-08,3093.080078,190.839996,89.293999,65.035004,291.570007,65.568497
2019-11-11,3087.010010,189.610001,88.582497,65.550003,294.179993,64.959503
2019-11-12,3091.840088,194.470001,88.900002,65.489998,292.010010,64.940002
2019-11-13,3094.040039,193.190002,87.655502,66.117500,283.109985,64.900002
2019-11-14,3096.629883,193.149994,87.730003,65.660004,289.619995,65.572998
2019-11-15,3120.459961,195.100006,86.974503,66.440002,295.029999,66.743500
2019-11-18,3122.030029,197.399994,87.626503,66.775002,302.570007,66.035004
2019-11-19,3120.179932,199.320007,87.639503,66.572502,302.600006,65.773003
2019-11-20,3108.459961,197.509995,87.276497,65.797501,305.160004,65.152496
2019-11-21,3103.540039,197.929993,86.735497,65.502502,311.690002,65.067497
2019-11-22,3110.290039,198.820007,87.286003,65.445000,310.480011,64.766998
2019-11-25,3133.639893,199.789993,88.692001,66.592499,315.549988,65.334503
2019-11-26,3140.520020,198.970001,89.847000,66.072502,312.489990,65.677498
2019-11-27,3153.629883,202.000000,90.925499,66.959999,315.929993,65.649498
2019-11-29,3140.979980,201.639999,90.040001,66.812500,314.660004,65.248001
2019-12-02,3113.870117,199.699997,89.080002,66.040001,309.989990,64.496002
2019-12-03,3093.199951,198.820007,88.498001,64.862503,306.160004,64.764000
2019-12-04,3112.760010,198.710007,88.034500,65.434998,304.320007,66.027000
2019-12-05,3117.429932,199.360001,87.024002,66.394997,302.859985,66.406502
2019-12-06,3145.909912,201.050003,87.580002,67.677498,307.350006,67.030998
2019-12-09,3135.959961,201.339996,87.475502,66.730003,302.500000,67.178001
2019-12-10,3132.520020,200.869995,86.960503,67.120003,293.119995,67.233002
2019-12-11,3141.629883,202.259995,87.435997,67.692497,298.929993,67.250999
2019-12-12,3168.570068,196.750000,88.016502,67.864998,298.440002,67.513496
2019-12-13,3168.800049,194.110001,88.046997,68.787498,298.500000,67.391502
2019-12-16,3191.449951,197.919998,88.460503,69.964996,304.209991,68.058502
2019-12-17,3192.520020,198.389999,89.532997,70.102501,315.480011,67.755997
2019-12-18,3191.139893,202.500000,89.201500,69.934998,320.799988,67.630997
2019-12-19,3205.370117,206.059998,89.613998,70.004997,332.220001,67.802002
2019-12-20,3221.219971,206.300003,89.324997,69.860001,336.899994,67.479500
2019-12-23,3224.010010,206.179993,89.650002,71.000000,333.100006,67.442001
2019-12-24,3223.379883,205.119995,89.460503,71.067497,333.200012,67.178001
2019-12-26,3239.909912,207.789993,93.438499,72.477501,332.630005,68.019997
2019-12-27,3240.020020,208.100006,93.489998,72.449997,329.089996,67.594498
2019-12-30,3221.290039,204.410004,92.344498,72.879997,323.309998,66.806999
2019-12-31,3230.780029,205.250000,92.391998,73.412498,323.570007,66.850998
2020-01-02,3257.850098,209.779999,94.900497,75.087502,329.809998,68.368500
2020-01-03,3234.850098,208.669998,93.748497,74.357498,325.899994,68.032997
2020-01-06,3246.280029,212.600006,95.143997,74.949997,335.829987,69.710503
2020-01-07,3237.179932,213.059998,95.343002,74.597504,330.750000,69.667000
2020-01-08,3253.050049,215.220001,94.598503,75.797501,339.260010,70.216003
2020-01-09,3274.699951,218.300003,95.052498,77.407501,335.660004,70.991501
2020-01-10,3265.350098,218.059998,94.157997,77.582497,329.049988,71.486504
2020-01-13,3288.129883,221.910004,94.565002,79.239998,338.920013,71.961502
2020-01-14,3283.149902,219.059998,93.472000,78.169998,338.690002,71.543999
2020-01-15,3289.290039,221.149994,93.100998,77.834999,339.070007,71.959999
2020-01-16,3316.810059,221.770004,93.897003,78.809998,338.619995,72.584999
2020-01-17,3329.620117,222.139999,93.236000,79.682503,339.670013,74.019501
2020-01-21,3320.790039,221.440002,94.599998,79.142502,338.109985,74.220001
2020-01-22,3321.750000,221.320007,94.373001,79.425003,326.000000,74.297501
2020-01-23,3325.540039,219.759995,94.228996,79.807503,349.600006,74.332497
2020-01-24,3295.469971,217.940002,93.082001,79.577499,353.160004,73.335503
2020-01-27,3243.629883,214.869995,91.417000,77.237503,342.880005,71.695000
2020-01-28,3276.239990,217.789993,92.662498,79.422501,348.519989,72.627998
2020-01-29,3273.399902,223.229996,92.900002,81.084999,343.160004,72.931503
2020-01-30,3283.659912,209.529999,93.533997,80.967499,347.739990,72.792000
2020-01-31,3225.520020,201.910004,100.435997,77.377502,345.089996,71.711502
2020-02-03,3248.919922,204.190002,100.209999,77.165001,358.000000,74.296997
2020-02-04,3297.590088,209.830002,102.483498,79.712502,369.010010,72.353500
2020-02-05,3334.689941,210.110001,101.993500,80.362503,369.670013,72.411499
2020-02-06,3345.780029,210.850006,102.511497,81.302498,366.950012,73.811501
2020-02-07,3327.709961,212.330002,103.963997,80.007500,366.769989,73.961502
2020-02-10,3352.090088,213.059998,106.695503,80.387497,371.070007,75.433998
2020-02-11,3357.750000,207.190002,107.540001,79.902496,373.690002,75.439499
2020-02-12,3379.449951,210.759995,108.000000,81.800003,380.010010,75.913498
2020-02-13,3373.939941,213.139999,107.493500,81.217499,381.399994,75.733002
2020-02-14,3380.159912,214.179993,106.743500,81.237503,380.399994,76.037003
2020-02-18,3370.290039,217.800003,107.783501,79.750000,387.779999,75.983498
2020-02-19,3386.149902,217.490005,108.511002,80.904999,386.190002,76.334503
2020-02-20,3373.229980,214.580002,107.654999,80.074997,386.000000,75.907501
2020-02-21,3337.750000,210.179993,104.798500,78.262497,380.070007,74.255501
2020-02-24,3225.889893,200.720001,100.464500,74.544998,368.700012,71.079498
2020-02-25,3128.209961,196.770004,98.637001,72.019997,360.089996,69.422501
2020-02-26,3116.389893,197.199997,98.979500,73.162498,379.239990,69.658997
2020-02-27,2978.760010,189.750000,94.214996,68.379997,371.709991,65.904503
2020-02-28,2954.219971,192.470001,94.187500,68.339996,369.029999,66.966499
2020-03-02,3090.229980,196.440002,97.697502,74.702499,381.049988,69.455498
2020-03-03,3003.370117,185.889999,95.449501,72.330002,368.769989,67.069504
2020-03-04,3130.120117,191.759995,98.791496,75.684998,383.790009,69.325996
2020-03-05,3023.939941,185.169998,96.201500,73.230003,372.779999,65.952003
2020-03-06,2972.370117,181.089996,95.054497,72.257500,368.970001,64.920502
2020-03-09,2746.560059,169.500000,90.030502,66.542503,346.489990,60.778000
2020-03-10,2882.229980,178.190002,94.591003,71.334999,364.130005,64.019501
2020-03-11,2741.379883,170.240005,91.042999,68.857498,349.920013,60.770500
2020-03-12,2480.639893,154.470001,83.830498,62.057499,315.250000,55.745499
2020-03-13,2711.020020,170.279999,89.250000,69.492500,336.299988,60.986500
2020-03-16,2386.129883,146.009995,84.457497,60.552502,298.839996,54.216499
2020-03-17,2529.189941,149.419998,90.391998,63.215000,319.750000,55.990002
2020-03-18,2398.100098,146.960007,91.500000,61.667500,315.470001,54.840000
2020-03-19,2409.389893,153.130005,94.046501,61.195000,332.029999,55.764500
2020-03-20,2304.919922,149.729996,92.304497,57.310001,332.829987,53.616001
2020-03-23,2237.399902,148.100006,95.141502,56.092499,360.269989,52.831001
2020-03-24,2447.330078,160.979996,97.004997,61.720001,357.320007,56.723000
2020-03-25,2475.560059,156.210007,94.292000,61.380001,342.390015,55.124500
2020-03-26,2630.070068,163.339996,97.774498,64.610001,362.989990,58.087502
2020-03-27,2541.469971,156.789993,95.004997,61.935001,357.119995,55.535500
2020-03-30,2626.649902,165.949997,98.197502,63.702499,370.959991,57.341000
2020-03-31,2584.590088,166.800003,97.486000,63.572498,375.500000,58.140499
2020-04-01,2470.500000,159.600006,95.385002,60.227501,364.079987,55.280998
2020-04-02,2526.899902,158.190002,95.941498,61.232498,370.079987,56.042000
2020-04-03,2488.649902,154.179993,95.329498,60.352501,361.760010,54.894001
2020-04-06,2663.679932,165.550003,99.879501,65.617500,379.959991,59.346001
2020-04-07,2659.409912,168.830002,100.580002,64.857498,372.279999,59.325500
2020-04-08,2749.979980,174.279999,102.150002,66.517502,371.119995,60.514000
2020-04-09,2789.820068,175.190002,102.138000,66.997498,370.720001,60.572498
2020-04-13,2761.629883,174.789993,108.443497,68.312500,396.720001,60.877998
2020-04-14,2846.060059,178.169998,114.166000,71.762497,413.549988,63.461498
2020-04-15,2783.360107,176.970001,115.384003,71.107498,426.750000,63.123501
2020-04-16,2799.550049,176.250000,120.409500,71.672501,439.170013,63.173500
2020-04-17,2874.560059,179.240005,118.750000,70.699997,422.959991,64.162498
2020-04-20,2823.159912,178.240005,119.680496,69.232498,437.489990,63.330502
2020-04-21,2736.560059,170.800003,116.405998,67.092499,433.829987,60.817001
2020-04-22,2799.310059,182.279999,118.174500,69.025002,421.420013,63.160500
2020-04-23,2797.800049,185.130005,119.972504,68.757500,426.700012,63.815498
2020-04-24,2836.739990,190.070007,120.511002,70.742500,424.989990,63.965500
2020-04-27,2878.479980,187.500000,118.800003,70.792503,421.380005,63.793999
2020-04-28,2863.389893,182.910004,115.704002,69.644997,403.829987,61.683498
2020-04-29,2939.510010,194.190002,118.635498,71.932503,411.890015,67.073997
2020-04-30,2912.429932,204.710007,123.699997,73.449997,419.850006,67.432999
2020-05-01,2830.709961,202.270004,114.302002,72.267502,415.269989,66.030502
2020-05-04,2842.739990,205.259995,115.799500,73.290001,428.149994,66.339996
2020-05-05,2868.439941,207.070007,115.889999,74.389999,424.679993,67.555496
2020-05-06,2848.419922,208.470001,117.563004,75.157501,434.260010,67.364998
2020-05-07,2881.189941,211.259995,118.380501,75.934998,436.529999,68.627998
2020-05-08,2929.800049,212.350006,118.980499,77.532501,435.549988,69.418503
2020-05-11,2930.189941,213.179993,120.449997,78.752502,440.519989,70.163002
2020-05-12,2870.120117,210.100006,117.847504,77.852501,431.820007,68.787003
2020-05-13,2820.000000,205.100006,118.396004,76.912498,438.269989,67.466499
2020-05-14,2852.500000,206.809998,119.442497,77.385002,441.950012,67.806503
2020-05-15,2863.699951,210.880005,120.488998,76.927498,454.190002,68.659500
2020-05-18,2953.909912,213.190002,121.313004,78.739998,452.579987,69.196999
2020-05-19,2922.939941,216.880005,122.466499,78.285004,451.040009,68.674248
2020-05-20,2971.610107,229.970001,124.897003,79.807503,447.670013,70.335999
2020-05-21,2948.510010,231.389999,122.336998,79.212502,436.250000,70.139999
2020-05-22,2955.449951,234.910004,121.844002,79.722504,429.320007,70.521004
2020-05-26,2991.770020,232.199997,121.093002,79.182503,414.769989,70.850998
2020-05-27,3036.129883,229.139999,120.519501,79.527496,419.890015,70.891998
2020-05-28,3029.729980,225.460007,120.055000,79.562500,413.440002,70.836502
2020-05-29,3044.310059,225.089996,122.118500,79.485001,419.730011,71.445999
2020-06-01,3055.729980,231.910004,123.552002,80.462502,425.920013,71.591003
2020-06-02,3080.820068,232.720001,123.620499,80.834999,427.309998,71.960999
2020-06-03,3122.870117,230.160004,123.919998,81.279999,421.970001,71.819000
2020-06-04,3112.350098,226.289993,123.029999,80.580002,414.329987,70.609001
2020-06-05,3193.929932,230.770004,124.150002,82.875000,419.600006,71.919502
2020-06-08,3232.389893,231.399994,126.203003,83.364998,419.489990,72.330498
2020-06-09,3207.179932,238.669998,130.042999,85.997498,434.049988,72.807999
2020-06-10,3190.139893,236.729996,132.372498,88.209999,434.480011,73.292503
2020-06-11,3002.100098,224.429993,127.898003,83.974998,425.559998,70.192001
2020-06-12,3041.310059,228.580002,127.250999,84.699997,418.070007,70.658997
2020-06-15,3066.590088,232.500000,128.634003,85.747498,425.500000,70.992500
2020-06-16,3124.739990,235.649994,130.763504,88.019997,436.130005,72.136002
2020-06-17,3113.489990,235.529999,132.048996,87.897499,447.769989,72.556000
2020-06-18,3115.340088,235.940002,132.699005,87.932503,449.869995,71.797997
2020-06-19,3097.739990,238.789993,133.750504,87.430000,453.720001,71.585999
2020-06-22,3117.860107,239.220001,135.690994,89.717499,468.040009,72.593002
2020-06-23,3131.290039,242.240005,138.220505,91.632500,466.260010,73.220497
2020-06-24,3050.330078,234.020004,136.720001,90.014999,457.850006,71.598503
2020-06-25,3083.760010,235.679993,137.729004,91.209999,465.910004,72.066498
2020-06-26,3009.050049,216.080002,134.643494,88.407501,443.399994,67.995003
2020-06-29,3053.239990,220.639999,134.018997,90.445000,447.239990,69.748497
2020-06-30,3100.290039,227.070007,137.940994,91.199997,455.040009,70.680496
2020-07-01,3115.860107,237.550003,143.934998,91.027496,485.640015,71.902000
2020-07-02,3130.010010,233.419998,144.514999,91.027496,476.890015,73.235001
2020-07-06,3179.719971,240.279999,152.852005,93.462502,493.809998,74.785004
2020-07-07,3145.320068,240.860001,150.005997,93.172501,493.160004,74.259003
2020-07-08,3169.939941,243.580002,154.055496,95.342499,502.779999,74.800003
2020-07-09,3152.050049,244.500000,159.131500,95.752502,507.760010,75.549500
2020-07-10,3185.040039,245.070007,160.000000,95.919998,548.729980,77.086998
2020-07-13,3155.219971,239.000000,155.199997,95.477501,525.500000,75.567001
2020-07-14,3197.520020,239.729996,154.199997,97.057503,524.880005,76.028999
2020-07-15,3226.560059,240.279999,150.443497,97.724998,523.260010,75.681999
2020-07-16,3215.570068,240.929993,149.994995,96.522499,527.390015,75.900002
2020-07-17,3224.729980,242.029999,148.098495,96.327499,492.989990,75.777496
2020-07-20,3251.840088,245.419998,159.841995,98.357498,502.410004,78.286003
2020-07-21,3257.300049,241.750000,156.914505,97.000000,490.100006,77.920998
2020-07-22,3276.020020,239.869995,154.995499,97.272499,489.820007,78.424500
2020-07-23,3235.659912,232.600006,149.327499,92.845001,477.579987,75.783997
2020-07-24,3215.629883,230.710007,150.445496,92.614998,480.450012,75.593498
2020-07-27,3239.409912,233.500000,152.760498,94.809998,495.649994,76.510002
2020-07-28,3218.439941,230.119995,150.016495,93.252502,488.510010,75.016998
2020-07-29,3258.439941,233.289993,151.676498,95.040001,484.480011,76.100998
2020-07-30,3246.219971,234.500000,152.593994,96.190002,485.799988,76.572502
2020-07-31,3271.120117,253.669998,158.233994,106.260002,488.880005,74.148003
2020-08-03,3294.610107,251.960007,155.594498,108.937500,498.619995,73.722504
2020-08-04,3306.510010,249.830002,156.941498,109.665001,509.640015,73.248497
2020-08-05,3327.770020,249.119995,160.251495,110.062500,502.109985,73.680496
2020-08-06,3349.159912,265.279999,161.250000,113.902496,509.079987,75.004997
2020-08-07,3351.280029,268.440002,158.373001,111.112503,494.730011,74.724503
2020-08-10,3360.469971,263.000000,157.408005,112.727501,483.380005,74.805000
2020-08-11,3333.689941,256.130005,154.033493,109.375000,466.929993,74.015999
2020-08-12,3380.350098,259.890015,158.112000,113.010002,475.470001,75.331001
2020-08-13,3373.429932,261.299988,158.050995,115.010002,481.329987,75.922501
2020-08-14,3372.850098,261.239990,157.401001,114.907501,482.679993,75.386497
2020-08-17,3381.989990,261.160004,159.120499,114.607498,482.350006,75.899002
2020-08-18,3389.780029,262.339996,165.624496,115.562500,491.869995,77.930000
2020-08-19,3374.850098,262.589996,163.024002,115.707497,484.529999,77.376503
2020-08-20,3385.510010,269.010010,164.868500,118.275002,497.899994,79.087502
2020-08-21,3397.159912,267.010010,164.235992,124.370003,492.309998,79.021004
2020-08-24,3431.280029,271.390015,165.373001,125.857498,488.809998,79.410004
2020-08-25,3443.620117,280.820007,167.324493,124.824997,490.579987,80.411003
2020-08-26,3478.729980,303.910004,172.092499,126.522499,547.530029,82.619003
2020-08-27,3484.550049,293.220001,170.000000,125.010002,526.270020,81.716499
2020-08-28,3508.010010,293.660004,170.089996,124.807503,523.890015,82.220497
2020-08-31,3500.310059,293.200012,172.548004,129.039993,529.559998,81.709000
2020-09-01,3526.649902,295.440002,174.955994,134.179993,556.549988,83.035500
2020-09-02,3580.840088,302.500000,176.572495,131.399994,552.840027,86.414001
2020-09-03,3455.060059,291.119995,168.399994,120.879997,525.750000,82.092003
2020-09-04,3426.959961,282.730011,164.731003,120.959999,516.049988,79.552002
2020-09-08,3331.840088,271.160004,157.492004,112.820000,507.019989,76.619499
2020-09-09,3398.959961,273.720001,163.430496,117.320000,500.190002,77.848000
2020-09-10,3339.189941,268.089996,158.755493,113.489998,480.670013,76.600998
2020-09-11,3340.969971,266.609985,155.811005,112.000000,482.029999,76.036003
2020-09-14,3383.540039,266.149994,155.148499,115.360001,476.260010,75.963997
2020-09-15,3401.199951,272.420013,157.806503,115.540001,495.989990,77.071999
2020-09-16,3385.489990,263.519989,153.904999,112.129997,483.859985,76.044998
2020-09-17,3357.010010,254.820007,150.436493,110.339996,470.200012,74.776497
2020-09-18,3319.469971,252.529999,147.745499,106.839996,469.959991,72.999496
2020-09-21,3281.060059,248.149994,148.023499,110.080002,487.350006,71.557999
2020-09-22,3315.570068,254.750000,156.449493,111.809998,491.170013,73.273003
2020-09-23,3236.919922,249.020004,149.992996,107.120003,470.609985,70.760498
2020-09-24,3246.590088,249.529999,150.989502,108.220001,473.079987,71.414497
2020-09-25,3298.459961,254.820007,154.756500,112.279999,482.880005,72.248001
2020-09-28,3351.600098,256.820007,158.702499,114.959999,490.649994,73.225998
2020-09-29,3335.469971,261.790009,157.244003,114.089996,493.480011,73.466499
2020-09-30,3363.000000,261.899994,157.436493,115.809998,500.029999,73.480003
2020-10-01,3380.800049,266.630005,161.063004,116.790001,527.510010,74.504501
2020-10-02,3348.419922,259.940002,156.250000,113.019997,503.059998,72.920998
2020-10-05,3408.600098,264.649994,159.960007,116.500000,520.650024,74.301003
2020-10-06,3360.969971,258.660004,154.998001,113.160004,505.869995,72.671997
2020-10-07,3419.439941,258.119995,159.784500,115.080002,534.659973,73.014503
2020-10-08,3446.830078,263.760010,159.527496,114.970001,531.789978,74.296501
2020-10-09,3477.139893,264.450012,164.332504,116.970001,539.440002,75.761002
2020-10-12,3534.219971,275.750000,172.146500,124.400002,539.809998,78.457497
2020-10-13,3511.929932,276.140015,172.181503,121.099998,554.090027,78.584000
2020-10-14,3488.669922,271.820007,168.185501,121.190002,541.450012,78.403999
2020-10-15,3483.340088,266.720001,166.932495,120.709999,541.940002,77.956497
2020-10-16,3483.810059,265.929993,163.635498,119.019997,530.789978,78.650497
2020-10-19,3426.919922,261.399994,160.360504,115.980003,530.719971,76.730499
2020-10-20,3443.120117,267.559998,160.850494,117.510002,525.419983,77.796501
2020-10-21,3435.560059,278.730011,159.246994,116.870003,489.049988,79.665497
2020-10-22,3453.489990,278.119995,158.820007,115.750000,485.230011,80.766502
2020-10-23,3465.389893,284.790009,160.220001,115.040001,488.279999,82.050003
2020-10-26,3400.969971,277.109985,160.352005,115.050003,488.239990,79.522499
2020-10-27,3390.679932,283.290009,164.316498,116.599998,488.929993,80.212997
2020-10-28,3271.030029,267.670013,158.139008,111.199997,486.239990,75.831001
2020-10-29,3310.110107,280.829987,160.550507,115.320000,504.209991,78.362000
2020-10-30,3269.959961,263.109985,151.807495,108.860001,475.739990,81.050499
2020-11-02,3310.239990,261.359985,150.223999,108.769997,484.119995,81.301498
2020-11-03,3369.159912,265.299988,152.420502,110.440002,487.220001,82.510498
2020-11-04,3443.439941,287.380005,162.057999,114.949997,496.950012,87.456497
2020-11-05,3510.449951,294.679993,166.100006,119.029999,513.760010,88.168503
2020-11-06,3509.439941,293.410004,165.568497,118.690002,514.729980,88.087502
2020-11-09,3550.500000,278.769989,157.186996,116.320000,470.500000,88.150002
2020-11-10,3545.530029,272.429993,151.751007,115.970001,480.239990,87.019501
2020-11-11,3572.659912,276.480011,156.869507,119.489998,490.760010,87.635498
2020-11-12,3537.010010,275.079987,155.514008,119.209999,486.769989,87.491997
2020-11-13,3585.149902,276.950012,156.440506,119.260002,482.839996,88.850998
2020-11-16,3626.909912,278.959991,156.552994,120.300003,479.100006,89.069000
2020-11-17,3609.530029,275.000000,156.783005,119.389999,480.630005,88.507500
2020-11-18,3567.790039,271.970001,155.272995,118.029999,481.790009,87.338997
2020-11-19,3581.870117,272.940002,155.850998,118.639999,484.670013,88.195999
2020-11-20,3557.540039,269.700012,154.970001,117.339996,488.239990,87.109497
2020-11-23,3577.590088,268.429993,154.919495,113.849998,476.619995,86.742996
2020-11-24,3635.409912,276.920013,155.903000,115.169998,482.880005,88.444000
2020-11-25,3629.649902,275.589996,159.253494,116.029999,485.000000,88.571503
2020-11-27,3638.350098,277.809998,159.766998,116.589996,491.359985,89.659500
2020-11-30,3621.629883,276.970001,158.401993,119.050003,490.700012,88.037003
2020-12-01,3662.449951,286.549988,161.003998,122.720001,504.579987,89.904999
2020-12-02,3669.010010,287.519989,160.176498,123.080002,503.380005,91.397499
2020-12-03,3666.719971,281.850006,159.336502,122.940002,497.519989,91.338501
2020-12-04,3699.120117,279.700012,158.128998,122.250000,498.309998,91.399498
2020-12-07,3691.959961,285.579987,157.899994,123.750000,515.780029,90.973999
2020-12-08,3702.250000,283.399994,158.864502,124.379997,512.659973,90.927498
2020-12-09,3672.820068,277.920013,155.210007,121.779999,493.600006,89.206497
2020-12-10,3668.100098,277.119995,155.074493,123.239998,501.089996,88.766502
2020-12-11,3663.459961,273.549988,155.820999,122.410004,503.220001,89.088501
2020-12-14,3647.489990,274.190002,157.848495,121.779999,522.419983,88.002998
2020-12-15,3694.620117,275.549988,158.255997,127.879997,519.780029,88.388496
2020-12-16,3701.169922,275.670013,162.048004,127.809998,524.830017,88.150002
2020-12-17,3722.479980,274.480011,161.804001,128.699997,532.900024,87.394997
2020-12-18,3709.409912,276.399994,160.082504,126.660004,534.450012,86.550499
2020-12-21,3694.919922,272.790009,160.309006,128.229996,528.909973,86.968498
2020-12-22,3687.260010,267.089996,160.326004,131.880005,527.330017,86.175003
2020-12-23,3690.010010,268.109985,159.263504,130.960007,514.479980,86.619003
2020-12-24,3703.060059,267.399994,158.634506,131.970001,513.969971,86.942497
2020-12-28,3735.360107,277.000000,164.197998,136.690002,519.119995,88.804497
2020-12-29,3727.040039,276.779999,166.100006,134.869995,530.869995,87.935997
2020-12-30,3732.040039,271.869995,164.292496,133.720001,524.590027,86.975998
2020-12-31,3756.070068,273.160004,162.846497,132.690002,540.729980,87.594002
2021-01-04,3700.649902,268.940002,159.331497,129.410004,522.859985,86.412003
2021-01-05,3726.860107,270.970001,160.925507,131.009995,520.799988,87.045998
2021-01-06,3748.139893,263.309998,156.919006,126.599998,500.489990,86.764503
2021-01-07,3803.790039,268.739990,158.108002,130.919998,508.890015,89.362503
2021-01-08,3824.679932,267.570007,159.134995,132.050003,510.399994,90.360497
2021-01-11,3799.610107,256.839996,155.710495,128.979996,499.100006,88.335999
2021-01-12,3801.189941,251.089996,156.041504,128.800003,494.250000,87.327499
2021-01-13,3809.840088,251.639999,158.294495,130.889999,507.790009,87.720001
2021-01-14,3795.540039,245.639999,156.373505,128.910004,500.859985,87.009003
2021-01-15,3768.250000,251.360001,155.212494,127.139999,497.980011,86.809502
2021-01-19,3798.909912,261.100006,156.037994,127.830002,501.769989,89.542999
2021-01-20,3851.850098,267.480011,163.169006,132.029999,586.340027,94.345001
2021-01-21,3853.070068,272.869995,165.349503,136.869995,579.840027,94.562500
2021-01-22,3841.469971,274.500000,164.611496,139.070007,565.169983,95.052498
2021-01-25,3855.360107,278.010010,164.699997,142.919998,556.780029,94.970001
2021-01-26,3849.620117,282.049988,166.306503,143.160004,561.929993,95.862000
2021-01-27,3750.770020,272.140015,161.628998,142.059998,523.280029,91.539497
2021-01-28,3787.379883,265.000000,161.880997,137.089996,538.599976,93.155502
2021-01-29,3714.239990,258.329987,160.309998,131.960007,532.390015,91.787003
2021-02-01,3773.860107,262.010010,167.143997,134.139999,539.039978,95.067497
2021-02-02,3826.310059,267.079987,169.000000,134.990005,548.159973,96.375504
2021-02-03,3830.169922,266.649994,165.626495,133.940002,539.450012,103.503502
2021-02-04,3871.739990,266.489990,166.550003,137.389999,552.159973,103.118500
2021-02-05,3886.830078,268.100006,167.607498,136.759995,550.789978,104.900002
2021-02-08,3915.590088,266.579987,166.147003,136.910004,547.919983,104.645500
2021-02-09,3911.229980,269.450012,165.250000,136.009995,559.070007,104.175499
2021-02-10,3909.879883,271.869995,164.328995,135.389999,563.590027,104.768997
2021-02-11,3916.379883,270.390015,163.106506,135.130005,557.590027,104.794502
2021-02-12,3934.830078,270.500000,163.885498,135.369995,556.520020,105.205498
2021-02-16,3932.590088,273.970001,163.447495,133.190002,557.280029,106.095001
2021-02-17,3931.330078,273.570007,165.432007,130.839996,551.340027,106.415497
2021-02-18,3913.969971,269.390015,166.411499,129.710007,548.219971,105.860001
2021-02-19,3906.709961,261.559998,162.494995,129.869995,540.219971,105.056999
2021-02-22,3876.500000,260.329987,159.037003,126.000000,533.780029,103.244003
2021-02-23,3881.370117,265.859985,159.725006,125.860001,546.150024,103.542999
2021-02-24,3925.429932,264.309998,157.976501,125.349998,553.409973,104.758499
2021-02-25,3829.340088,254.690002,152.858002,120.989998,546.700012,101.568001
2021-02-26,3811.149902,257.619995,154.646500,121.260002,538.849976,101.843002
2021-03-01,3901.820068,264.910004,157.307007,127.790001,550.640015,104.075500
2021-03-02,3870.290039,259.000000,154.726501,125.120003,547.820007,103.792000
2021-03-03,3819.719971,255.410004,150.250000,122.059998,520.700012,101.335503
2021-03-04,3768.469971,257.640015,148.878494,120.129997,511.290009,102.454498
2021-03-05,3841.939941,264.279999,150.022995,121.419998,516.390015,105.427002
2021-03-08,3821.350098,255.309998,147.597504,116.360001,493.329987,101.208504
2021-03-09,3875.439941,265.739990,153.142502,121.089996,506.440002,102.635002
2021-03-10,3898.810059,264.899994,152.882004,119.980003,504.540009,102.751503
2021-03-11,3939.340088,273.880005,155.679504,121.959999,523.059998,105.738503
2021-03-12,3943.340088,268.399994,154.474503,121.029999,518.020020,103.096001
2021-03-15,3968.939941,273.750000,154.084000,123.989998,520.250000,103.324501
2021-03-16,3962.709961,279.279999,154.593002,125.570000,524.030029,104.625999
2021-03-17,3974.120117,284.010010,156.786499,124.760002,524.440002,104.554001
2021-03-18,3915.459961,278.619995,151.399506,120.529999,504.790009,101.810997
2021-03-19,3913.100098,290.109985,153.748001,119.989998,512.179993,102.160004
2021-03-22,3940.590088,293.540009,155.543503,123.389999,523.109985,101.929497
2021-03-23,3910.520020,290.630005,156.875000,122.540001,535.090027,102.648003
2021-03-24,3889.139893,282.140015,154.353500,120.089996,520.809998,102.252998
2021-03-25,3909.520020,278.739990,152.313004,120.589996,502.859985,102.218002
2021-03-26,3974.540039,283.019989,152.601501,121.209999,508.049988,101.777496
2021-03-29,3971.090088,290.820007,153.786499,121.389999,513.950012,102.797501
2021-03-30,3958.550049,288.000000,152.764496,119.900002,513.390015,102.777000
2021-03-31,3972.889893,294.529999,154.703995,122.150002,521.659973,103.431503
2021-04-01,4019.870117,298.660004,158.050003,123.000000,539.419983,106.887497
2021-04-05,4077.909912,308.910004,161.336502,125.900002,540.669983,111.277496
2021-04-06,4073.939941,306.260010,161.190994,126.209999,544.530029,111.237503
2021-04-07,4079.949951,313.089996,163.969498,127.900002,546.989990,112.484001
2021-04-08,4097.169922,313.019989,164.964996,130.360001,554.580017,113.272003
2021-04-09,4128.799805,312.459991,168.610001,133.000000,555.309998,114.293999
2021-04-12,4127.990234,311.540009,168.969498,131.240005,552.780029,112.739502
2021-04-13,4141.589844,309.760010,170.000000,134.429993,553.729980,113.363503
2021-04-14,4124.660156,302.820007,166.649994,132.029999,540.020020,112.741997
2021-04-15,4170.419922,307.820007,168.954498,134.500000,549.219971,114.833000
2021-04-16,4185.470215,306.179993,169.972000,134.160004,546.539978,114.888000
2021-04-19,4163.259766,302.239990,168.600494,134.839996,554.440002,115.120003
2021-04-20,4134.939941,302.649994,166.734497,133.110001,549.570007,114.681503
2021-04-21,4173.419922,301.470001,168.100998,133.500000,508.899994,114.664497
2021-04-22,4134.979980,296.519989,165.451996,131.940002,508.779999,113.396004
2021-04-23,4180.169922,301.130005,167.044006,134.320007,505.549988,115.764999
2021-04-26,4187.620117,303.040009,170.449997,134.720001,510.299988,116.336998
2021-04-27,4186.720215,303.570007,170.871506,134.389999,505.549988,115.356003
2021-04-28,4183.180176,307.100006,172.925003,133.580002,506.519989,118.995499
2021-04-29,4211.470215,329.510010,173.565506,133.479996,509.000000,121.494499
2021-04-30,4181.169922,325.079987,173.371002,131.460007,513.469971,120.505997
2021-05-03,4192.660156,322.579987,169.324493,132.539993,509.109985,119.758499
2021-05-04,4164.660156,318.359985,165.593506,127.849998,503.179993,117.712502
2021-05-05,4167.589844,315.019989,163.526993,128.100006,496.079987,117.836998
2021-05-06,4201.620117,320.019989,165.318497,129.740005,499.549988,119.067497
2021-05-07,4232.600098,319.079987,164.580505,130.210007,503.839996,119.934502
2021-05-10,4188.430176,305.970001,159.524506,126.849998,486.690002,117.083000
2021-05-11,4152.100098,306.529999,161.195496,125.910004,495.079987,115.438004
2021-05-12,4063.040039,302.549988,157.597000,122.769997,484.980011,111.954002
2021-05-13,4112.500000,305.260010,158.073502,124.970001,486.660004,113.098503
2021-05-14,4173.850098,315.940002,161.145004,127.449997,493.369995,115.807999
2021-05-17,4163.290039,315.459991,163.519501,126.269997,488.940002,116.070503
2021-05-18,4127.830078,309.959991,161.613998,124.849998,486.279999,115.171501
2021-05-19,4115.680176,313.589996,161.589996,124.690002,487.700012,115.435501
2021-05-20,4159.120117,318.609985,162.384003,127.309998,501.670013,117.804497
2021-05-21,4155.859863,316.230011,160.154007,125.430000,497.890015,117.254997
2021-05-24,4197.049805,324.630005,162.249496,127.099998,502.899994,120.333504
2021-05-25,4188.129883,327.790009,162.952499,126.900002,501.339996,120.453499
2021-05-26,4195.990234,327.660004,163.257996,126.849998,502.359985,121.676498
2021-05-27,4200.879883,332.750000,161.505493,125.279999,503.859985,120.125504
2021-05-28,4204.109863,328.730011,161.153503,124.610001,502.809998,120.578003
2021-06-01,4202.040039,329.130005,160.932495,124.279999,499.079987,121.490501
2021-06-02,4208.120117,329.149994,161.699493,125.059998,499.239990,121.064003
2021-06-03,4192.850098,326.040009,159.350494,123.540001,489.429993,120.230499
2021-06-04,4229.890137,330.350006,160.311005,125.889999,494.739990,122.587997
2021-06-07,4226.520020,336.579987,159.900497,125.900002,494.660004,123.304497
2021-06-08,4227.259766,333.679993,163.205505,126.739998,492.390015,124.142502
2021-06-09,4219.549805,330.250000,164.057495,127.129997,485.809998,124.570000
2021-06-10,4239.180176,332.459991,167.482498,126.110001,487.269989,126.080002
2021-06-11,4247.439941,331.260010,167.341507,127.349998,488.769989,125.696503
2021-06-14,4255.149902,336.769989,169.193497,130.479996,499.890015,126.351997
2021-06-15,4246.589844,336.750000,169.156494,129.639999,491.899994,126.032997
2021-06-16,4223.700195,331.079987,170.762497,130.149994,492.410004,125.696503
2021-06-17,4221.859863,336.510010,174.462006,131.789993,498.339996,126.371002
2021-06-18,4166.450195,329.660004,174.345001,130.460007,500.769989,125.567497
2021-06-21,4224.790039,332.290009,172.697998,132.300003,497.000000,126.455002
2021-06-22,4246.439941,339.029999,175.272003,133.979996,508.820007,126.999496
2021-06-23,4241.839844,340.589996,175.190994,133.699997,512.739990,126.461502
2021-06-24,4266.490234,343.179993,172.453995,133.410004,518.059998,127.281998
2021-06-25,4280.700195,341.369995,170.072998,133.110001,527.070007,126.995003
2021-06-28,4290.609863,355.640015,172.194504,134.779999,533.030029,126.819504
2021-06-29,4291.799805,351.890015,172.406998,136.330002,533.500000,126.018501
2021-06-30,4297.500000,347.709991,172.007996,136.960007,528.210022,125.316002
2021-07-01,4319.939941,354.390015,171.648499,137.270004,533.539978,126.368500
2021-07-02,4352.339844,354.700012,175.548996,139.960007,533.979980,128.718994
2021-07-06,4343.540039,352.779999,183.787003,142.020004,541.640015,129.770996
2021-07-07,4358.129883,350.489990,184.828995,144.570007,535.960022,130.077499
2021-07-08,4320.819824,345.649994,186.570496,143.240005,530.760010,129.177002
2021-07-09,4369.549805,350.420013,185.966995,145.110001,535.979980,129.574493
2021-07-12,4384.629883,353.160004,185.927505,144.500000,537.309998,130.563995
2021-07-13,4369.209961,352.089996,183.867996,145.639999,540.679993,130.994507
2021-07-14,4374.299805,347.630005,184.084000,149.149994,547.950012,132.082504
2021-07-15,4360.029785,344.459991,181.559998,148.479996,542.950012,131.266495
2021-07-16,4327.160156,341.160004,178.681503,146.389999,530.309998,131.845505
2021-07-19,4258.490234,336.950012,177.479507,142.449997,532.280029,129.253998
2021-07-20,4323.060059,341.660004,178.659500,146.149994,531.049988,131.101501
2021-07-21,4358.689941,346.230011,179.259995,145.399994,513.630005,132.600494
2021-07-22,4367.479980,351.190002,181.901505,146.800003,511.769989,133.328506
2021-07-23,4411.790039,369.790009,182.832001,148.559998,515.409973,137.815994
2021-07-26,4422.299805,372.459991,184.990997,148.990005,516.489990,139.644501
2021-07-27,4401.459961,367.809998,181.319504,146.770004,518.909973,136.796494
2021-07-28,4400.640137,373.279999,181.516006,144.979996,519.299988,136.381500
2021-07-29,4419.149902,358.320007,179.996002,145.639999,514.250000,136.540497
2021-07-30,4395.259766,356.299988,166.379501,145.860001,517.570007,135.220993
2021-08-02,4387.160156,351.950012,166.574005,145.520004,515.150024,135.989502
2021-08-03,4423.149902,351.239990,168.311996,147.360001,510.820007,136.279999
2021-08-04,4402.660156,358.920013,167.735992,146.949997,517.349976,136.028503
2021-08-05,4429.100098,362.970001,168.799500,147.059998,524.890015,136.940002
2021-08-06,4436.520020,363.510010,167.246994,146.139999,520.549988,137.035995
2021-08-09,4432.350098,361.609985,167.093506,146.089996,519.969971,138.001999
2021-08-10,4436.750000,361.130005,166.033997,145.600006,515.840027,138.096497
2021-08-11,4442.410156,359.959991,164.605499,145.860001,512.400024,137.689499
2021-08-12,4460.830078,362.649994,165.175003,148.889999,510.720001,138.389496
2021-08-13,4468.000000,363.179993,164.698502,149.100006,515.919983,138.406006
2021-08-16,4479.709961,366.559998,164.949493,151.119995,517.919983,138.916000
2021-08-17,4448.080078,358.450012,162.098007,150.190002,518.909973,137.300507
2021-08-18,4400.270020,355.450012,160.061005,146.360001,521.869995,136.570007
2021-08-19,4405.799805,355.119995,159.387497,146.699997,543.710022,136.913498
2021-08-20,4441.669922,359.369995,159.997498,148.190002,546.880005,138.436996
2021-08-23,4479.529785,363.350006,163.293503,149.710007,553.330017,141.099503
2021-08-24,4486.229980,365.510010,165.289001,149.619995,553.409973,142.398499
2021-08-25,4496.189941,368.390015,164.959000,148.360001,547.580017,142.949997
2021-08-26,4470.000000,364.380005,165.800003,147.539993,550.119995,142.123001
2021-08-27,4509.370117,372.630005,167.481506,148.600006,558.919983,144.550507
2021-08-30,4528.790039,380.660004,171.078506,153.119995,566.179993,145.469498
2021-08-31,4522.680176,379.380005,173.539505,151.830002,569.190002,145.462006
2021-09-01,4524.089844,382.049988,173.949997,152.509995,582.070007,145.841995
2021-09-02,4536.950195,375.279999,173.156006,153.649994,588.549988,144.218994
2021-09-03,4535.430176,376.260010,173.902496,154.300003,590.530029,144.774994
2021-09-07,4520.029785,382.179993,175.464493,156.690002,606.710022,145.518997
2021-09-08,4514.069824,377.570007,176.274994,155.110001,606.049988,144.883499
2021-09-09,4493.279785,378.000000,174.207993,154.070007,597.539978,144.913498
2021-09-10,4458.580078,378.690002,173.457504,148.970001,598.719971,141.921005
2021-09-13,4468.729980,376.510010,172.858505,149.550003,589.289978,143.464996
2021-09-14,4443.049805,376.529999,172.500000,148.119995,577.760010,143.406006
2021-09-15,4480.700195,373.920013,173.789505,149.029999,582.869995,145.205994
2021-09-16,4473.750000,373.059998,174.412003,148.789993,586.500000,144.373505
2021-09-17,4432.990234,364.720001,173.126007,146.059998,589.349976,141.463501
2021-09-20,4357.729980,355.700012,167.786499,142.940002,575.429993,139.016998
2021-09-21,4354.189941,357.480011,167.181503,143.429993,573.140015,139.646500
2021-09-22,4395.640137,343.209991,169.002502,145.850006,590.650024,140.938507
2021-09-23,4448.979980,345.959991,170.800003,146.830002,593.260010,141.826508
2021-09-24,4455.479980,352.959991,171.276001,146.919998,592.390015,142.632996
2021-09-27,4443.109863,353.579987,170.289993,145.369995,592.640015,141.501007
2021-09-28,4352.629883,340.649994,165.798004,141.910004,583.849976,136.184006
2021-09-29,4359.459961,339.609985,165.056000,142.830002,599.059998,134.520996
2021-09-30,4307.540039,339.390015,164.251999,141.500000,610.340027,133.265503
2021-10-01,4357.040039,343.010010,164.162994,142.649994,613.150024,136.462494
2021-10-04,4300.459961,326.230011,159.488998,139.139999,603.349976,133.764999
2021-10-05,4345.720215,332.959991,161.050003,141.110001,634.809998,136.177002
2021-10-06,4363.549805,333.640015,163.100494,142.000000,639.099976,137.354004
2021-10-07,4399.759766,329.220001,165.121506,143.289993,631.849976,139.185501
2021-10-08,4391.339844,330.049988,164.431000,142.899994,632.659973,140.056000
2021-10-11,4361.189941,325.450012,162.315002,142.809998,627.039978,138.847504
2021-10-12,4350.649902,323.769989,162.366501,141.509995,624.940002,136.712997
2021-10-13,4363.799805,324.540009,164.214005,140.910004,629.760010,137.899994
2021-10-14,4438.259766,328.529999,164.992996,143.759995,633.799988,141.412003
2021-10-15,4471.370117,324.760010,170.451004,144.839996,628.289978,141.675003
2021-10-18,4486.459961,335.339996,172.337006,146.550003,637.969971,142.960495
2021-10-19,4519.629883,339.989990,172.207504,148.759995,639.000000,143.822006
2021-10-20,4536.189941,340.779999,170.753006,149.259995,625.140015,142.414993
2021-10-21,4549.779785,341.880005,171.750504,149.479996,653.159973,142.780502
2021-10-22,4544.899902,324.609985,166.777496,148.690002,664.780029,138.625000
2021-10-25,4566.479980,328.690002,166.018494,148.639999,671.659973,138.772995
2021-10-26,4574.790039,315.809998,168.803497,149.320007,668.520020,139.671997
2021-10-27,4551.680176,312.220001,169.624496,148.850006,662.919983,146.427505
2021-10-28,4596.419922,316.920013,172.328506,152.570007,674.049988,146.128998
2021-10-29,4605.379883,323.570007,168.621506,149.800003,690.309998,148.270493
2021-11-01,4613.669922,329.980011,165.905502,148.960007,681.169983,143.774002
2021-11-02,4630.649902,328.079987,165.637497,150.020004,677.719971,145.863007
2021-11-03,4660.569824,331.619995,169.199997,151.490005,688.289978,146.789993
2021-11-04,4680.060059,335.850006,173.850006,150.960007,668.400024,148.682999
2021-11-05,4697.529785,341.130005,175.949493,151.279999,645.719971,149.240997
2021-11-08,4701.700195,338.619995,174.449005,150.440002,651.450012,149.351501
2021-11-09,4685.250000,335.369995,178.811493,150.809998,655.989990,149.248505
2021-11-10,4646.709961,327.640015,174.102493,147.919998,646.909973,146.626007
2021-11-11,4649.270020,327.739990,173.625000,147.869995,657.580017,146.748001
2021-11-12,4682.850098,340.890015,176.257507,149.990005,682.609985,149.645493
2021-11-15,4682.799805,347.559998,177.283997,150.000000,679.330017,149.388000
2021-11-16,4700.899902,342.959991,177.035004,151.000000,687.400024,149.076004
2021-11-17,4688.669922,340.769989,177.449997,153.490005,691.690002,149.061996
2021-11-18,4704.540039,338.690002,184.802994,157.869995,682.020020,150.709000
2021-11-19,4697.959961,345.299988,183.828506,160.550003,678.799988,149.952499
2021-11-22,4682.939941,341.010010,178.628494,161.020004,659.200012,147.078506
2021-11-23,4690.700195,337.250000,179.001999,161.410004,654.059998,146.757004
2021-11-24,4701.459961,341.059998,179.020493,161.940002,658.289978,146.717499
2021-11-26,4594.620117,333.119995,175.227997,156.809998,665.640015,142.806000
2021-11-29,4655.270020,338.029999,178.078506,160.240005,663.840027,146.113998
2021-11-30,4567.000000,324.459991,175.353500,165.300003,641.900024,142.451996
2021-12-01,4513.040039,310.600006,172.186005,164.770004,617.770020,141.617996
2021-12-02,4577.100098,310.390015,171.867996,163.759995,616.469971,143.776505
2021-12-03,4538.430176,306.839996,169.489502,161.839996,602.130005,142.520493
2021-12-06,4591.669922,317.869995,171.368500,165.320007,612.690002,143.796494
2021-12-07,4686.750000,322.809998,176.164505,171.179993,625.580017,148.036499
2021-12-08,4701.209961,330.559998,176.158005,175.080002,628.080017,148.720505
2021-12-09,4667.450195,329.820007,174.171005,174.559998,611.000000,148.106003
2021-12-10,4712.020020,329.750000,172.212006,179.449997,611.659973,148.675003
2021-12-13,4668.970215,334.489990,169.567505,175.740005,604.559998,146.704498
2021-12-14,4634.089844,333.739990,169.091507,174.330002,597.989990,144.970505
2021-12-15,4709.850098,341.660004,173.315002,179.300003,605.039978,147.368500
2021-12-16,4668.669922,334.899994,168.871002,172.259995,591.059998,144.838501
2021-12-17,4620.640137,333.790009,170.017502,171.139999,586.729980,142.802994
2021-12-20,4568.020020,325.450012,167.078995,169.750000,593.739990,142.401505
2021-12-21,4649.229980,334.200012,170.417007,172.990005,604.919983,144.220505
2021-12-22,4696.560059,330.450012,171.037003,175.639999,614.239990,146.949005
2021-12-23,4725.790039,335.239990,171.068497,176.279999,614.090027,147.142502
2021-12-27,4791.189941,346.179993,169.669495,180.330002,613.119995,148.063995
2021-12-28,4786.350098,346.220001,170.660995,179.289993,610.710022,146.447998
2021-12-29,4793.060059,342.940002,169.201004,179.380005,610.539978,146.504501
2021-12-30,4778.729980,344.359985,168.644501,178.199997,612.090027,146.002502
2021-12-31,4766.180176,336.350006,166.716995,177.570007,602.440002,144.679504
2022-01-03,4796.560059,338.540009,170.404495,182.009995,597.369995,145.074493
2022-01-04,4793.540039,336.529999,167.522003,179.699997,591.150024,144.416504
2022-01-05,4700.580078,324.170013,164.356995,174.919998,567.520020,137.653503
2022-01-06,4696.049805,332.459991,163.253998,172.000000,553.289978,137.550995
2022-01-07,4677.029785,331.790009,162.554001,172.169998,541.059998,137.004501
2022-01-10,4670.290039,328.070007,161.485992,172.190002,539.849976,138.574005
2022-01-11,4713.069824,334.369995,165.362000,175.080002,540.840027,140.017502
2022-01-12,4726.350098,333.260010,165.207001,175.529999,537.219971,141.647995
2022-01-13,4659.029785,326.480011,161.214005,172.190002,519.200012,139.130997
2022-01-14,4662.850098,331.899994,162.138000,173.070007,525.690002,139.786499
2022-01-18,4577.109863,318.149994,158.917496,169.800003,510.799988,136.290497
2022-01-19,4532.759766,319.589996,156.298996,166.229996,515.859985,135.651993
2022-01-20,4482.729980,316.559998,151.667496,164.509995,508.250000,133.506500
2022-01-21,4397.939941,303.170013,142.643005,162.410004,397.500000,130.091995
2022-01-24,4410.129883,308.709991,144.544006,161.619995,387.149994,130.371994
2022-01-25,4356.450195,300.149994,139.985992,159.779999,366.420013,126.735497
2022-01-26,4349.930176,294.630005,138.872498,159.690002,359.700012,129.240005
2022-01-27,4326.509766,294.640015,139.637497,159.220001,386.700012,129.121002
2022-01-28,4431.850098,301.709991,143.977997,170.330002,384.359985,133.289505
2022-01-31,4515.549805,313.260010,149.573502,174.779999,427.140015,135.698502
2022-02-01,4546.540039,319.000000,151.193497,174.610001,457.130005,137.878494
2022-02-02,4589.379883,323.000000,150.612503,175.839996,429.480011,148.036499
2022-02-03,4477.439941,237.759995,138.845505,172.899994,405.600006,142.650497
2022-02-04,4500.529785,237.089996,157.639496,172.389999,410.170013,143.016006
2022-02-07,4483.870117,224.910004,157.935501,171.660004,402.100006,138.938004
2022-02-08,4521.540039,220.179993,161.413498,174.830002,403.529999,139.212997
2022-02-09,4587.180176,232.000000,161.189499,176.279999,412.890015,141.453003
2022-02-10,4504.080078,228.070007,159.003494,172.119995,406.269989,138.602493
2022-02-11,4418.640137,219.550003,153.293503,168.639999,391.309998,134.130005
2022-02-14,4401.669922,217.699997,155.167007,168.880005,396.570007,135.300003
2022-02-15,4471.069824,221.000000,156.510498,172.789993,407.459991,136.425507
2022-02-16,4475.009766,216.539993,158.100494,172.550003,398.079987,137.487503
2022-02-17,4380.259766,207.710007,154.652496,168.880005,386.670013,132.308502
2022-02-18,4348.870117,206.160004,152.601501,167.300003,391.290009,130.467499
2022-02-22,4304.759766,202.080002,150.197495,164.320007,377.380005,129.402496
2022-02-23,4225.500000,198.449997,144.826996,160.070007,367.459991,127.584999
2022-02-24,4288.700195,207.600006,151.358002,162.740005,390.029999,132.673492
2022-02-25,4384.649902,210.479996,153.788498,164.850006,390.799988,134.519501
2022-02-28,4373.939941,211.029999,153.563004,165.119995,394.519989,134.891006
2022-03-01,4306.259766,203.490005,151.141998,163.199997,386.239990,134.167999
2022-03-02,4386.540039,208.110001,152.052505,166.559998,380.029999,134.751495
2022-03-03,4363.490234,202.970001,147.898499,166.229996,368.070007,134.307999
2022-03-04,4328.870117,200.059998,145.641006,163.169998,361.730011,132.121994
2022-03-07,4201.089844,187.470001,137.453003,159.300003,350.260010,126.464500
2022-03-08,4170.700195,190.289993,136.014496,157.440002,341.760010,127.278503
2022-03-09,4277.879883,198.500000,139.279007,162.949997,358.790009,133.865997
2022-03-10,4259.520020,195.210007,146.817505,158.520004,356.769989,132.682007
2022-03-11,4204.310059,187.610001,145.524506,154.729996,340.320007,130.475494
2022-03-14,4173.109863,186.630005,141.852997,150.619995,331.010010,126.740997
2022-03-15,4262.450195,192.029999,147.366501,155.089996,343.750000,129.660507
2022-03-16,4357.859863,203.630005,153.104004,159.589996,357.529999,133.690506
2022-03-17,4411.669922,207.839996,157.238998,160.619995,371.399994,134.600494
2022-03-18,4463.120117,216.490005,161.250504,163.979996,380.600006,136.801498
2022-03-21,4461.180176,211.490005,161.491501,165.380005,374.589996,136.478500
2022-03-22,4511.609863,216.649994,164.889008,168.820007,382.920013,140.277496
2022-03-23,4456.240234,213.460007,163.408005,170.210007,374.489990,138.503494
2022-03-24,4520.160156,219.570007,163.649506,174.070007,375.709991,141.311996
2022-03-25,4543.060059,221.820007,164.773499,174.720001,373.850006,141.521500
2022-03-28,4575.520020,223.589996,168.990494,175.600006,378.510010,141.949997
2022-03-29,4631.600098,229.860001,169.315002,178.960007,391.820007,143.250000
2022-03-30,4602.450195,227.850006,166.300995,177.770004,381.470001,142.644501
2022-03-31,4530.410156,222.360001,162.997498,174.610001,374.589996,139.649506
2022-04-01,4545.859863,224.850006,163.559998,174.309998,373.470001,140.699997
2022-04-04,4582.640137,233.889999,168.346497,178.440002,391.500000,143.642502
2022-04-05,4525.120117,231.839996,164.054993,175.059998,380.149994,141.063004
2022-04-06,4481.149902,223.300003,158.755997,171.830002,368.350006,137.175995
2022-04-07,4500.209961,222.949997,157.784500,172.139999,362.149994,136.464996
2022-04-08,4488.279785,222.330002,154.460495,170.089996,355.880005,134.010498
2022-04-11,4412.529785,216.460007,151.121994,165.750000,348.000000,129.796494
2022-04-12,4397.450195,214.139999,150.787506,167.660004,344.100006,128.374496
2022-04-13,4446.589844,214.990005,155.541000,170.399994,350.429993,130.285995
2022-04-14,4392.589844,210.179993,151.706497,165.289993,341.130005,127.252998
2022-04-18,4391.689941,210.770004,152.785004,165.070007,337.859985,127.960999
2022-04-19,4462.209961,217.309998,158.115494,167.399994,348.609985,130.531006
2022-04-20,4459.450195,200.419998,153.998001,167.229996,226.190002,128.245499
2022-04-21,4393.660156,188.070007,148.296005,166.419998,218.220001,124.937500
2022-04-22,4271.779785,184.110001,144.350006,161.789993,215.520004,119.613998
2022-04-25,4296.120117,186.990005,146.074005,162.880005,209.910004,123.250000
2022-04-26,4175.200195,180.949997,139.391006,156.800003,198.399994,119.505997
2022-04-27,4183.959961,174.949997,138.167007,156.570007,188.539993,115.020500
2022-04-28,4287.500000,205.729996,144.596497,163.639999,199.520004,119.411499
2022-04-29,4131.930176,200.470001,124.281502,157.649994,190.360001,114.966499
2022-05-02,4155.379883,211.130005,124.500000,157.960007,199.460007,117.156998
2022-05-03,4175.479980,212.029999,124.253502,159.479996,199.869995,118.129501
2022-05-04,4300.169922,223.410004,125.928497,166.020004,204.009995,122.574997
2022-05-05,4146.870117,208.279999,116.406998,156.770004,188.320007,116.746498
2022-05-06,4123.339844,203.770004,114.772499,157.279999,180.970001,115.660004
2022-05-09,3991.239990,196.210007,108.789001,152.059998,173.100006,113.084000
2022-05-10,4001.050049,197.649994,108.859001,154.509995,177.660004,114.584503
2022-05-11,3935.179932,188.740005,105.372002,146.500000,166.369995,113.960999
2022-05-12,3930.080078,191.240005,106.930496,142.559998,174.309998,113.161003
2022-05-13,4023.889893,198.619995,113.055000,147.110001,187.639999,116.515503
2022-05-16,4008.010010,200.039993,110.810501,145.539993,186.509995,114.792503
2022-05-17,4088.850098,202.619995,115.368500,149.240005,190.559998,116.701500
2022-05-18,3923.679932,192.240005,107.112503,140.820007,177.190002,112.401001
2022-05-19,3900.790039,191.289993,107.319000,137.350006,183.479996,110.745499
2022-05-20,3901.360107,193.539993,107.591003,137.589996,186.350006,109.313004
2022-05-23,3973.750000,196.229996,107.556999,143.110001,187.440002,111.666496
2022-05-24,3941.479980,181.279999,104.099998,140.360001,180.339996,105.926003
2022-05-25,3978.729980,183.830002,106.775002,140.520004,187.830002,105.839500
2022-05-26,4057.840088,191.630005,111.077499,143.779999,191.399994,108.295998
2022-05-27,4158.240234,195.130005,115.146500,149.639999,195.190002,112.799004
2022-05-31,4132.149902,193.639999,120.209503,148.839996,197.440002,114.039001
2022-06-01,4101.229980,188.639999,121.683998,148.710007,192.910004,114.137001
2022-06-02,4176.819824,198.860001,125.511002,151.210007,205.089996,117.746002
2022-06-03,4108.540039,190.779999,122.349998,145.380005,198.979996,114.564003
2022-06-06,4121.430176,194.250000,124.790001,146.139999,197.139999,117.010498
2022-06-07,4160.680176,195.649994,123.000000,148.710007,198.610001,117.229500
2022-06-08,4115.770020,196.639999,121.180000,147.960007,202.830002,117.237999
2022-06-09,4017.820068,184.000000,116.150002,142.639999,192.770004,114.917999
2022-06-10,3900.860107,175.570007,109.650002,137.130005,182.940002,111.427498
2022-06-13,3749.629883,164.259995,103.669998,131.880005,169.690002,106.876503
2022-06-14,3735.479980,163.729996,102.309998,132.759995,167.539993,107.194000
2022-06-15,3789.989990,169.350006,107.669998,135.429993,180.110001,110.390503
2022-06-16,3666.770020,160.869995,103.660004,130.059998,173.350006,106.636002
2022-06-17,3674.840088,163.740005,106.220001,131.559998,175.509995,107.865501
2022-06-21,3764.790039,157.050003,108.680000,135.869995,170.910004,112.014999
2022-06-22,3759.889893,155.850006,108.949997,135.350006,178.889999,112.033997
2022-06-23,3795.729980,158.750000,112.440002,138.270004,181.710007,112.684502
2022-06-24,3911.739990,170.160004,116.459999,141.660004,190.850006,118.538002
2022-06-27,3900.110107,169.490005,113.220001,141.660004,189.139999,116.622498
2022-06-28,3821.550049,160.679993,107.400002,137.440002,179.600006,112.571503
2022-06-29,3818.830078,163.940002,108.919998,139.229996,178.360001,112.256500
2022-06-30,3785.379883,161.250000,106.209999,136.720001,174.869995,109.372498
2022-07-01,3825.330078,160.029999,109.559998,138.929993,179.949997,109.081001
2022-07-05,3831.389893,168.190002,113.500000,141.559998,185.880005,113.887001
2022-07-06,3845.080078,169.770004,114.330002,142.919998,184.059998,115.213501
2022-07-07,3902.620117,172.190002,116.330002,146.350006,189.270004,119.306000
2022-07-08,3899.379883,170.880005,115.540001,147.039993,186.979996,120.168503
2022-07-11,3854.429932,162.880005,111.750000,144.869995,177.339996,116.522499
2022-07-12,3818.800049,163.270004,109.220001,145.860001,174.449997,114.849503
2022-07-13,3801.780029,163.490005,110.400002,145.490005,176.559998,112.186996
2022-07-14,3790.379883,158.050003,110.629997,148.470001,174.779999,111.440002
2022-07-15,3863.159912,164.699997,113.550003,150.169998,189.110001,112.766998
2022-07-18,3830.850098,167.229996,113.760002,147.070007,190.919998,109.910004
2022-07-19,3936.689941,175.779999,118.209999,151.000000,201.630005,114.620003
2022-07-20,3959.899902,183.089996,122.769997,153.039993,216.440002,114.699997
2022-07-21,3998.949951,183.169998,124.629997,155.350006,223.880005,115.040001
2022-07-22,3961.629883,169.270004,122.419998,154.089996,220.440002,108.360001
2022-07-25,3966.840088,166.649994,121.139999,152.949997,218.509995,108.209999
2022-07-26,3921.050049,159.149994,114.809998,151.600006,213.910004,105.440002
2022-07-27,4023.610107,169.580002,120.970001,156.789993,226.750000,113.599998
2022-07-28,4072.429932,160.720001,122.279999,157.350006,226.020004,114.589996
2022-07-29,4130.290039,159.100006,134.949997,162.509995,224.899994,116.639999
2022-08-01,4118.629883,159.929993,135.389999,161.509995,226.210007,115.480003
2022-08-02,4091.189941,160.190002,134.160004,160.009995,221.419998,115.900002
2022-08-03,4155.169922,168.800003,139.520004,166.130005,226.729996,118.779999
2022-08-04,4151.939941,170.570007,142.570007,165.809998,229.910004,118.870003
2022-08-05,4145.189941,167.110001,140.800003,165.350006,226.779999,118.220001
2022-08-08,4140.060059,170.250000,139.410004,164.869995,233.490005,118.139999
2022-08-09,4122.470215,168.529999,137.830002,164.919998,229.940002,117.500000
2022-08-10,4210.240234,178.339996,142.690002,169.240005,244.110001,120.650002
2022-08-11,4207.270020,177.490005,140.639999,168.490005,242.699997,119.820000
2022-08-12,4280.149902,180.500000,143.550003,172.100006,249.300003,122.650002
2022-08-15,4297.140137,180.889999,143.179993,173.190002,249.110001,122.879997
2022-08-16,4305.200195,179.470001,144.779999,173.029999,245.690002,122.510002
2022-08-17,4274.040039,174.850006,142.100006,174.550003,241.149994,120.320000
2022-08-18,4283.740234,174.660004,142.300003,174.149994,245.169998,120.860001
2022-08-19,4228.479980,167.960007,138.229996,171.520004,241.160004,118.120003
2022-08-22,4137.990234,163.050003,133.220001,167.570007,226.539993,115.070000
2022-08-23,4128.729980,161.110001,133.619995,167.229996,224.550003,114.769997
2022-08-24,4140.770020,163.259995,133.800003,167.529999,229.610001,114.699997
2022-08-25,4199.120117,168.779999,137.279999,170.029999,233.979996,117.699997
2022-08-26,4057.659912,161.779999,130.750000,163.619995,223.279999,111.300003
2022-08-29,4030.610107,159.169998,129.789993,161.380005,224.570007,110.339996
2022-08-30,3986.159912,157.160004,128.729996,158.910004,220.649994,109.910004
2022-08-31,3955.000000,162.929993,126.769997,157.220001,223.559998,109.150002
2022-09-01,3966.850098,165.360001,127.820000,157.960007,230.039993,110.550003
2022-09-02,3924.260010,160.320007,127.510002,155.809998,226.110001,108.680000
2022-09-06,3908.189941,158.539993,126.110001,154.529999,218.389999,107.480003
2022-09-07,3979.870117,160.389999,129.479996,155.960007,228.960007,110.480003
2022-09-08,4006.179932,162.059998,129.820007,154.460007,227.440002,109.419998
2022-09-09,4067.360107,169.149994,133.270004,157.369995,233.570007,111.779999
2022-09-12,4110.410156,168.960007,136.449997,163.429993,236.529999,111.870003
2022-09-13,3932.689941,153.130005,126.820000,153.839996,218.130005,105.309998
2022-09-14,3946.010010,151.470001,128.550003,155.309998,224.119995,105.870003
2022-09-15,3901.350098,149.550003,126.279999,152.369995,235.380005,103.900002
2022-09-16,3873.330078,146.289993,123.529999,150.699997,240.130005,103.629997
2022-09-19,3899.889893,148.020004,124.660004,154.479996,243.630005,103.849998
2022-09-20,3855.929932,146.089996,122.190002,156.899994,242.850006,101.830002
2022-09-21,3789.929932,142.119995,118.540001,153.720001,236.869995,100.010002
2022-09-22,3757.989990,142.820007,117.309998,152.740005,237.050003,100.570000
2022-09-23,3693.229980,140.410004,113.779999,150.429993,226.410004,99.169998
2022-09-26,3655.040039,136.369995,115.150002,150.770004,224.070007,98.809998
2022-09-27,3647.290039,134.399994,114.410004,151.759995,224.360001,98.089996
2022-09-28,3719.040039,141.610001,118.010002,149.839996,245.199997,100.739998
2022-09-29,3640.469971,136.410004,114.800003,142.479996,239.710007,98.089996
2022-09-30,3585.620117,135.679993,113.000000,138.199997,235.440002,96.150002
2022-10-03,3678.429932,138.610001,115.879997,142.449997,239.039993,99.300003
2022-10-04,3790.929932,140.279999,121.089996,146.100006,240.740005,102.410004
2022-10-05,3783.280029,138.979996,120.949997,146.399994,236.729996,102.220001
2022-10-06,3744.520020,139.070007,120.300003,145.429993,240.020004,102.239998
2022-10-07,3639.659912,133.449997,114.559998,140.089996,224.750000,99.570000
2022-10-10,3612.389893,133.789993,113.669998,140.419998,229.979996,98.709999
2022-10-11,3588.840088,128.539993,112.209999,138.979996,214.289993,98.050003
2022-10-12,3577.030029,127.500000,112.900002,138.339996,220.869995,98.300003
2022-10-13,3669.909912,130.289993,112.529999,142.990005,232.509995,99.709999
2022-10-14,3583.070068,126.760002,106.900002,138.380005,230.000000,97.180000
2022-10-17,3677.949951,134.039993,113.790001,142.410004,245.100006,100.779999
2022-10-18,3719.979980,132.800003,116.360001,143.750000,240.860001,101.389999
2022-10-19,3695.159912,133.229996,115.070000,143.860001,272.380005,100.290001
2022-10-20,3665.780029,131.529999,115.250000,143.389999,268.160004,100.529999
2022-10-21,3752.750000,130.009995,119.320000,147.270004,289.570007,101.480003
2022-10-24,3797.340088,129.720001,119.820000,149.449997,282.450012,102.970001
2022-10-25,3859.110107,137.509995,120.599998,152.339996,291.019989,104.930000
2022-10-26,3830.600098,129.820007,115.660004,149.350006,298.619995,94.820000
2022-10-27,3807.300049,97.940002,110.959999,144.800003,296.940002,92.599998
2022-10-28,3901.060059,99.199997,103.410004,155.740005,295.720001,96.580002
2022-10-31,3871.979980,93.160004,102.440002,153.339996,291.880005,94.660004
2022-11-01,3856.100098,95.199997,96.790001,150.649994,286.750000,90.500000
2022-11-02,3759.689941,90.540001,92.120003,145.029999,273.000000,87.070000
2022-11-03,3719.889893,88.910004,89.300003,138.880005,269.059998,83.489998
2022-11-04,3770.550049,90.790001,90.980003,138.380005,260.790009,86.699997
2022-11-07,3806.800049,96.720001,90.529999,138.919998,258.600006,88.650002
2022-11-08,3828.110107,96.470001,89.980003,139.500000,263.459991,88.910004
2022-11-09,3748.570068,101.470001,86.139999,134.869995,254.660004,87.400002
2022-11-10,3956.370117,111.870003,96.629997,146.869995,274.970001,94.169998
2022-11-11,3992.929932,113.019997,100.790001,149.699997,290.130005,96.730003
2022-11-14,3957.250000,114.220001,98.489998,148.279999,299.269989,96.029999
2022-11-15,3991.729980,117.080002,98.940002,150.039993,310.200012,98.720001
2022-11-16,3958.790039,113.230003,97.120003,148.789993,306.019989,98.989998
2022-11-17,3946.560059,111.449997,94.849998,150.720001,295.279999,98.500000
2022-11-18,3965.340088,112.050003,94.139999,151.289993,287.980011,97.800003
2022-11-21,3949.939941,109.860001,92.459999,148.009995,285.049988,95.830002
2022-11-22,4003.580078,111.440002,93.199997,150.179993,286.690002,97.330002
2022-11-23,4027.260010,112.239998,94.129997,151.070007,291.500000,98.820000
2022-11-25,4026.120117,111.410004,93.410004,148.110001,285.540009,97.599998
2022-11-28,3963.939941,108.779999,93.949997,144.220001,281.170013,96.250000
2022-11-29,3957.629883,109.459999,92.419998,141.169998,280.959991,95.440002
2022-11-30,4080.110107,118.099998,96.540001,148.029999,305.529999,101.449997
2022-12-01,4076.570068,120.440002,95.500000,148.309998,316.950012,101.279999
2022-12-02,4071.699951,123.489998,94.129997,147.809998,320.410004,100.830002
2022-12-05,3998.840088,122.430000,91.010002,146.630005,312.589996,99.870003
2022-12-06,3941.260010,114.120003,88.250000,142.910004,305.559998,97.309998
2022-12-07,3933.919922,113.930000,88.459999,140.940002,308.420013,95.150002
2022-12-08,3963.510010,115.330002,90.349998,142.649994,310.260010,93.949997
2022-12-09,3934.379883,115.900002,89.089996,142.160004,320.010010,93.070000
2022-12-12,3990.560059,114.709999,90.550003,144.490005,315.179993,93.559998
2022-12-13,4019.649902,120.150002,92.489998,145.470001,320.339996,95.849998
2022-12-14,3995.320068,121.589996,91.580002,143.210007,317.829987,95.309998
2022-12-15,3895.750000,116.150002,88.449997,136.500000,290.410004,91.199997
2022-12-16,3852.360107,119.430000,87.860001,134.509995,290.709991,90.860001
2022-12-19,3817.659912,114.480003,84.919998,132.369995,288.299988,89.150002
2022-12-20,3821.620117,117.089996,85.190002,132.300003,288.190002,89.629997
2022-12-21,3878.439941,119.760002,86.769997,135.449997,297.959991,90.250000
2022-12-22,3822.389893,117.120003,83.790001,132.229996,297.750000,88.260002
2022-12-23,3844.820068,118.040001,85.250000,131.860001,294.959991,89.809998
2022-12-27,3829.250000,116.879997,83.040001,130.029999,284.170013,87.930000
2022-12-28,3783.219971,115.620003,81.820000,126.040001,276.880005,86.459999
2022-12-29,3849.280029,120.260002,84.180000,129.610001,291.119995,88.949997
2022-12-30,3839.500000,120.339996,84.000000,129.929993,294.880005,88.730003
2023-01-03,3824.139893,124.739998,85.820000,125.070000,294.950012,89.699997
2023-01-04,3852.969971,127.370003,85.139999,126.360001,309.410004,88.709999
2023-01-05,3808.100098,126.940002,83.120003,125.019997,309.700012,86.769997
2023-01-06,3895.080078,130.020004,86.080002,129.619995,315.549988,88.160004
2023-01-09,3892.090088,129.470001,87.360001,130.149994,315.170013,88.800003
2023-01-10,3919.250000,132.990005,89.870003,130.729996,327.540009,89.239998
2023-01-11,3969.610107,132.889999,95.089996,133.490005,327.260010,92.260002
2023-01-12,3983.169922,136.710007,95.269997,133.410004,330.130005,91.910004
2023-01-13,3999.090088,136.979996,98.120003,134.759995,332.820007,92.800003
2023-01-17,3990.969971,135.360001,96.050003,135.940002,326.220001,92.160004
2023-01-18,3928.860107,133.020004,95.459999,135.210007,326.329987,91.779999
2023-01-19,3898.850098,136.149994,93.680000,135.270004,315.779999,93.910004
2023-01-20,3972.610107,139.369995,97.250000,137.869995,342.500000,99.279999
2023-01-23,4019.810059,143.270004,97.519997,141.110001,357.420013,101.209999
2023-01-24,4016.949951,143.139999,96.320000,142.529999,363.829987,99.209999
2023-01-25,4016.219971,141.500000,97.180000,141.860001,367.959991,96.730003
2023-01-26,4060.429932,147.300003,99.220001,143.960007,364.869995,99.160004
2023-01-27,4070.560059,151.740005,102.239998,145.929993,360.769989,100.709999
2023-01-30,4017.770020,147.059998,100.550003,143.000000,353.109985,97.949997
2023-01-31,4076.600098,148.970001,103.129997,144.289993,353.859985,99.870003
2023-02-01,4119.209961,153.119995,105.150002,145.429993,361.989990,101.430000
2023-02-02,4179.759766,188.770004,112.910004,150.820007,366.890015,108.800003
2023-02-03,4136.479980,186.529999,103.389999,154.500000,365.899994,105.220001
2023-02-06,4111.080078,186.059998,102.180000,151.729996,361.480011,103.470001
2023-02-07,4164.000000,191.619995,102.110001,154.649994,362.950012,108.040001
2023-02-08,4117.859863,183.429993,100.050003,151.919998,366.829987,100.000000
2023-02-09,4081.500000,177.919998,98.239998,150.869995,362.500000,95.459999
2023-02-10,4090.459961,174.149994,97.610001,151.009995,347.359985,94.860001
2023-02-13,4137.290039,179.429993,99.540001,153.850006,358.570007,95.000000
2023-02-14,4136.129883,179.479996,99.699997,153.199997,359.959991,94.949997
2023-02-15,4147.600098,177.160004,101.160004,155.330002,361.420013,97.099998
2023-02-16,4090.409912,172.440002,98.150002,153.710007,350.709991,95.779999
2023-02-17,4079.090088,172.880005,97.199997,152.550003,347.959991,94.589996
2023-02-21,3997.340088,172.080002,94.580002,148.479996,337.500000,92.050003
2023-02-22,3991.050049,171.119995,95.790001,148.910004,334.880005,91.800003
2023-02-23,4012.320068,172.039993,95.820000,149.399994,323.649994,91.070000
2023-02-24,3970.040039,170.389999,93.500000,146.710007,317.149994,89.349998
2023-02-27,3982.239990,169.539993,93.760002,147.919998,323.029999,90.099998
2023-02-28,3970.149902,174.940002,94.230003,147.410004,322.130005,90.300003
2023-03-01,3951.389893,173.419998,92.169998,145.309998,313.480011,90.510002
2023-03-02,3981.350098,174.529999,92.129997,145.910004,311.880005,92.309998
2023-03-03,4045.639893,185.250000,94.900002,151.029999,315.179993,94.019997
2023-03-06,4048.419922,184.899994,93.750000,153.830002,312.029999,95.580002
2023-03-07,3986.370117,184.509995,93.550003,151.600006,308.470001,94.169998
2023-03-08,3992.010010,184.970001,93.919998,152.869995,311.790009,94.650002
2023-03-09,3918.320068,181.690002,92.250000,150.589996,297.779999,92.660004
2023-03-10,3861.590088,179.509995,90.730003,148.500000,292.760010,91.010002
2023-03-13,3855.760010,180.899994,92.430000,150.470001,293.510010,91.660004
2023-03-14,3919.290039,194.020004,94.879997,152.589996,294.940002,94.250000
2023-03-15,3891.929932,197.750000,96.199997,152.990005,303.790009,96.550003
2023-03-16,3960.280029,204.929993,100.040001,155.850006,310.059998,101.070000
2023-03-17,3916.639893,195.610001,98.949997,155.000000,303.500000,102.459999
2023-03-20,3951.570068,197.809998,97.709999,157.399994,305.130005,101.930000
2023-03-21,4002.870117,202.160004,100.610001,159.279999,305.790009,105.839996
2023-03-22,3936.969971,199.809998,98.699997,157.830002,293.899994,104.220001
2023-03-23,3948.719971,204.279999,98.709999,158.929993,320.369995,106.260002
2023-03-24,3970.989990,206.009995,98.129997,160.250000,328.390015,106.059998
2023-03-27,3977.530029,202.839996,98.040001,158.279999,327.660004,103.059998
2023-03-28,3971.270020,200.679993,97.239998,157.649994,323.519989,101.360001
2023-03-29,4027.810059,205.350006,100.250000,160.770004,332.029999,101.900002
2023-03-30,4050.830078,207.839996,102.000000,162.360001,338.429993,101.320000
2023-03-31,4109.310059,211.940002,103.290001,164.899994,345.480011,104.000000
2023-04-03,4124.509766,213.070007,102.410004,166.169998,348.279999,104.910004
2023-04-04,4100.600098,214.720001,103.949997,165.630005,346.750000,105.120003
2023-04-05,4090.379883,211.479996,101.099998,163.759995,342.350006,104.949997
2023-04-06,4105.020020,216.100006,102.059998,164.660004,339.329987,108.900002
2023-04-10,4109.109863,214.750000,102.169998,162.029999,338.989990,106.949997
2023-04-11,4108.939941,213.850006,99.919998,160.800003,338.209991,106.120003
2023-04-12,4091.949951,214.000000,97.830002,160.100006,331.029999,105.220001
2023-04-13,4146.220215,220.350006,102.400002,165.559998,346.190002,108.190002
2023-04-14,4137.640137,221.490005,102.510002,165.210007,338.630005,109.459999
2023-04-17,4151.319824,218.860001,102.739998,165.229996,332.720001,106.419998
2023-04-18,4154.870117,217.889999,102.300003,166.470001,333.700012,105.120003
2023-04-19,4154.520020,215.699997,104.300003,167.630005,323.119995,105.019997
2023-04-20,4129.790039,213.070007,103.809998,166.649994,325.350006,105.900002
2023-04-21,4133.520020,212.889999,106.959999,165.020004,327.980011,105.910004
2023-04-24,4137.040039,212.789993,106.209999,165.330002,329.019989,106.779999
2023-04-25,4071.629883,207.550003,102.570000,163.770004,322.549988,104.610001
2023-04-26,4055.989990,209.399994,104.980003,163.759995,321.149994,104.449997
2023-04-27,4135.350098,238.559998,109.820000,168.410004,325.850006,108.370003
2023-04-28,4169.479980,240.320007,105.449997,169.679993,329.929993,108.220001
2023-05-01,4167.870117,243.179993,102.050003,169.589996,324.119995,107.709999
2023-05-02,4119.580078,239.240005,103.629997,168.539993,317.549988,105.980003
2023-05-03,4090.750000,237.029999,103.650002,167.449997,319.299988,106.120003
2023-05-04,4061.219971,233.520004,104.000000,165.789993,320.779999,105.209999
2023-05-05,4136.250000,232.779999,105.660004,173.570007,322.760010,106.214996
2023-05-08,4138.120117,233.270004,105.830002,173.500000,331.209991,108.239998
2023-05-09,4119.169922,233.369995,106.620003,171.770004,332.140015,107.940002
2023-05-10,4137.640137,233.080002,110.190002,173.559998,335.420013,112.279999
2023-05-11,4130.620117,235.789993,112.180000,173.750000,344.760010,116.900002
2023-05-12,4124.080078,233.809998,110.260002,172.570007,339.890015,117.919998
2023-05-15,4136.279785,238.860001,111.199997,172.070007,335.890015,116.959999
2023-05-16,4109.899902,238.820007,113.400002,172.070007,333.750000,120.089996
2023-05-17,4158.770020,242.490005,115.500000,172.690002,339.959991,121.480003
2023-05-18,4198.049805,246.850006,118.150002,175.050003,371.290009,123.519997
2023-05-19,4191.979980,245.639999,116.250000,175.160004,365.359985,123.250000
2023-05-22,4192.629883,248.320007,115.010002,174.199997,363.010010,125.870003
2023-05-23,4145.580078,246.740005,114.989998,171.559998,355.989990,123.290001
2023-05-24,4115.240234,249.210007,116.750000,171.839996,364.850006,121.639999
2023-05-25,4151.279785,252.690002,115.000000,172.990005,359.000000,124.349998
2023-05-26,4205.450195,262.040009,120.110001,175.429993,378.880005,125.430000
2023-05-30,4205.520020,262.519989,121.660004,177.300003,392.980011,124.639999
2023-05-31,4179.830078,264.720001,120.580002,177.250000,395.230011,123.370003
2023-06-01,4221.020020,272.609985,122.769997,180.089996,403.130005,124.370003
2023-06-02,4282.370117,272.609985,124.250000,180.949997,400.470001,125.230003
2023-06-05,4273.790039,271.390015,125.300003,179.580002,403.540009,126.629997
2023-06-06,4283.850098,271.119995,126.610001,179.210007,399.290009,127.910004
2023-06-07,4267.520020,263.600006,121.230003,177.820007,399.769989,122.940002
2023-06-08,4293.930176,264.579987,124.250000,180.570007,409.369995,122.669998
2023-06-09,4298.859863,264.950012,123.430000,180.960007,420.019989,122.870003
2023-06-12,4338.930176,271.049988,126.570000,183.789993,423.970001,124.349998
2023-06-13,4369.009766,271.320007,126.660004,183.309998,435.730011,124.430000
2023-06-14,4372.589844,273.350006,126.419998,183.949997,440.859985,124.379997
2023-06-15,4425.839844,281.829987,127.110001,186.009995,445.269989,125.790001
2023-06-16,4409.589844,281.000000,125.489998,184.919998,431.959991,124.059998
2023-06-20,4388.709961,284.329987,125.779999,185.009995,434.700012,123.849998
2023-06-21,4365.689941,281.640015,124.830002,183.960007,424.450012,121.260002
2023-06-22,4381.890137,284.880005,130.149994,187.000000,422.480011,123.870003
2023-06-23,4348.330078,288.730011,129.330002,186.679993,424.019989,123.019997
2023-06-26,4328.819824,278.470001,127.330002,185.270004,415.940002,119.089996
2023-06-27,4378.410156,287.049988,129.179993,188.059998,417.079987,119.010002
2023-06-28,4376.859863,285.290009,129.039993,189.250000,429.839996,121.080002
2023-06-29,4396.439941,281.529999,127.900002,189.589996,428.239990,120.010002
2023-06-30,4450.379883,286.980011,130.360001,193.970001,440.489990,120.970001
